# CraftsmanSpace gemstone cuts (CC-BY-SA) — split into named solids,
# recentred and normalised to girdle radius 1.0 (MIST scene convention).

o cut_00
v -0.000000 -0.402667 -0.000000
v 0.428000 0.349333 -0.376000
v -0.000000 -0.298667 0.284000
v -0.000000 -0.298667 0.284000
v -0.000000 -0.298667 0.284000
v 0.189333 -0.298667 -0.000000
v 0.189333 -0.298667 -0.000000
v 0.189333 -0.298667 -0.000000
v -0.000000 0.165333 1.000000
v -0.000000 0.165333 1.000000
v 0.186667 0.181333 0.990000
v 0.186667 0.181333 0.990000
v 0.186667 0.181333 0.990000
v 0.320000 0.165333 0.940000
v 0.320000 0.165333 0.940000
v 0.320000 0.165333 0.940000
v 0.320000 0.165333 0.940000
v 0.422667 0.180000 0.882000
v 0.422667 0.180000 0.882000
v 0.422667 0.180000 0.882000
v 0.516000 0.165333 0.774000
v 0.516000 0.165333 0.774000
v 0.516000 0.165333 0.774000
v 0.516000 0.165333 0.774000
v 0.516000 0.165333 0.774000
v 0.588000 0.180000 0.634000
v 0.588000 0.180000 0.634000
v 0.588000 0.180000 0.634000
v 0.626667 0.165333 0.480000
v 0.626667 0.165333 0.480000
v 0.626667 0.165333 0.480000
v 0.626667 0.165333 0.480000
v 0.660000 0.181333 0.280000
v 0.660000 0.181333 0.280000
v 0.660000 0.181333 0.280000
v 0.666667 0.165333 -0.000000
v 0.666667 0.165333 -0.000000
v -0.000000 0.208000 1.000000
v -0.000000 0.208000 1.000000
v 0.186667 0.197333 0.990000
v 0.186667 0.197333 0.990000
v 0.186667 0.197333 0.990000
v 0.320000 0.208000 0.940000
v 0.320000 0.208000 0.940000
v 0.320000 0.208000 0.940000
v 0.320000 0.208000 0.940000
v 0.422667 0.197333 0.882000
v 0.422667 0.197333 0.882000
v 0.422667 0.197333 0.882000
v 0.516000 0.208000 0.774000
v 0.516000 0.208000 0.774000
v 0.516000 0.208000 0.774000
v 0.516000 0.208000 0.774000
v 0.516000 0.208000 0.774000
v 0.588000 0.197333 0.634000
v 0.588000 0.197333 0.634000
v 0.588000 0.197333 0.634000
v 0.626667 0.208000 0.480000
v 0.626667 0.208000 0.480000
v 0.626667 0.208000 0.480000
v 0.626667 0.208000 0.480000
v 0.660000 0.197333 0.280000
v 0.660000 0.197333 0.280000
v 0.660000 0.197333 0.280000
v 0.666667 0.208000 -0.000000
v 0.666667 0.208000 -0.000000
v 0.666667 0.208000 -0.000000
v 0.250667 0.349333 0.642000
v 0.250667 0.349333 0.642000
v 0.250667 0.349333 0.642000
v 0.250667 0.349333 0.642000
v 0.428000 0.349333 0.376000
v 0.428000 0.349333 0.376000
v 0.428000 0.349333 0.376000
v 0.428000 0.349333 0.376000
v 0.428000 0.349333 0.376000
v -0.000000 0.402667 0.508000
v 0.273333 0.402667 0.410000
v 0.273333 0.402667 0.410000
v 0.273333 0.402667 0.410000
v 0.273333 0.402667 0.410000
v 0.338667 0.402667 -0.000000
v 0.338667 0.402667 -0.000000
v 0.338667 0.402667 -0.000000
v -0.000000 -0.402667 -0.000000
v -0.250667 0.349333 -0.642000
v 0.189333 -0.298667 -0.000000
v 0.189333 -0.298667 -0.000000
v 0.189333 -0.298667 -0.000000
v -0.000000 -0.298667 -0.284000
v -0.000000 -0.298667 -0.284000
v -0.000000 -0.298667 -0.284000
v 0.666667 0.165333 -0.000000
v 0.666667 0.165333 -0.000000
v 0.660000 0.181333 -0.280000
v 0.660000 0.181333 -0.280000
v 0.660000 0.181333 -0.280000
v 0.626667 0.165333 -0.480000
v 0.626667 0.165333 -0.480000
v 0.626667 0.165333 -0.480000
v 0.626667 0.165333 -0.480000
v 0.588000 0.180000 -0.634000
v 0.588000 0.180000 -0.634000
v 0.588000 0.180000 -0.634000
v 0.516000 0.165333 -0.774000
v 0.516000 0.165333 -0.774000
v 0.516000 0.165333 -0.774000
v 0.516000 0.165333 -0.774000
v 0.516000 0.165333 -0.774000
v 0.422667 0.180000 -0.882000
v 0.422667 0.180000 -0.882000
v 0.422667 0.180000 -0.882000
v 0.320000 0.165333 -0.940000
v 0.320000 0.165333 -0.940000
v 0.320000 0.165333 -0.940000
v 0.320000 0.165333 -0.940000
v 0.186667 0.181333 -0.990000
v 0.186667 0.181333 -0.990000
v 0.186667 0.181333 -0.990000
v -0.000000 0.165333 -1.000000
v -0.000000 0.165333 -1.000000
v 0.666667 0.208000 -0.000000
v 0.666667 0.208000 -0.000000
v 0.660000 0.197333 -0.280000
v 0.660000 0.197333 -0.280000
v 0.660000 0.197333 -0.280000
v 0.626667 0.208000 -0.480000
v 0.626667 0.208000 -0.480000
v 0.626667 0.208000 -0.480000
v 0.626667 0.208000 -0.480000
v 0.588000 0.197333 -0.634000
v 0.588000 0.197333 -0.634000
v 0.588000 0.197333 -0.634000
v 0.516000 0.208000 -0.774000
v 0.516000 0.208000 -0.774000
v 0.516000 0.208000 -0.774000
v 0.516000 0.208000 -0.774000
v 0.516000 0.208000 -0.774000
v 0.422667 0.197333 -0.882000
v 0.422667 0.197333 -0.882000
v 0.422667 0.197333 -0.882000
v 0.320000 0.208000 -0.940000
v 0.320000 0.208000 -0.940000
v 0.320000 0.208000 -0.940000
v 0.320000 0.208000 -0.940000
v 0.186667 0.197333 -0.990000
v 0.186667 0.197333 -0.990000
v 0.186667 0.197333 -0.990000
v -0.000000 0.208000 -1.000000
v -0.000000 0.208000 -1.000000
v -0.000000 0.208000 -1.000000
v 0.428000 0.349333 -0.376000
v 0.428000 0.349333 -0.376000
v 0.428000 0.349333 -0.376000
v 0.428000 0.349333 -0.376000
v 0.250667 0.349333 -0.642000
v 0.250667 0.349333 -0.642000
v 0.250667 0.349333 -0.642000
v 0.250667 0.349333 -0.642000
v 0.250667 0.349333 -0.642000
v 0.338667 0.402667 -0.000000
v 0.273333 0.402667 -0.410000
v 0.273333 0.402667 -0.410000
v 0.273333 0.402667 -0.410000
v 0.273333 0.402667 -0.410000
v -0.000000 0.402667 -0.508000
v -0.000000 0.402667 -0.508000
v -0.000000 0.402667 -0.508000
v -0.000000 -0.402667 -0.000000
v -0.428000 0.349333 0.376000
v -0.000000 -0.298667 -0.284000
v -0.000000 -0.298667 -0.284000
v -0.000000 -0.298667 -0.284000
v -0.189333 -0.298667 -0.000000
v -0.189333 -0.298667 -0.000000
v -0.189333 -0.298667 -0.000000
v -0.000000 0.165333 -1.000000
v -0.000000 0.165333 -1.000000
v -0.186667 0.181333 -0.990000
v -0.186667 0.181333 -0.990000
v -0.186667 0.181333 -0.990000
v -0.320000 0.165333 -0.940000
v -0.320000 0.165333 -0.940000
v -0.320000 0.165333 -0.940000
v -0.320000 0.165333 -0.940000
v -0.422667 0.180000 -0.882000
v -0.422667 0.180000 -0.882000
v -0.422667 0.180000 -0.882000
v -0.516000 0.165333 -0.774000
v -0.516000 0.165333 -0.774000
v -0.516000 0.165333 -0.774000
v -0.516000 0.165333 -0.774000
v -0.516000 0.165333 -0.774000
v -0.588000 0.180000 -0.634000
v -0.588000 0.180000 -0.634000
v -0.588000 0.180000 -0.634000
v -0.626667 0.165333 -0.480000
v -0.626667 0.165333 -0.480000
v -0.626667 0.165333 -0.480000
v -0.626667 0.165333 -0.480000
v -0.660000 0.181333 -0.280000
v -0.660000 0.181333 -0.280000
v -0.660000 0.181333 -0.280000
v -0.666667 0.165333 -0.000000
v -0.666667 0.165333 -0.000000
v -0.000000 0.208000 -1.000000
v -0.000000 0.208000 -1.000000
v -0.186667 0.197333 -0.990000
v -0.186667 0.197333 -0.990000
v -0.186667 0.197333 -0.990000
v -0.320000 0.208000 -0.940000
v -0.320000 0.208000 -0.940000
v -0.320000 0.208000 -0.940000
v -0.320000 0.208000 -0.940000
v -0.422667 0.197333 -0.882000
v -0.422667 0.197333 -0.882000
v -0.422667 0.197333 -0.882000
v -0.516000 0.208000 -0.774000
v -0.516000 0.208000 -0.774000
v -0.516000 0.208000 -0.774000
v -0.516000 0.208000 -0.774000
v -0.516000 0.208000 -0.774000
v -0.588000 0.197333 -0.634000
v -0.588000 0.197333 -0.634000
v -0.588000 0.197333 -0.634000
v -0.626667 0.208000 -0.480000
v -0.626667 0.208000 -0.480000
v -0.626667 0.208000 -0.480000
v -0.626667 0.208000 -0.480000
v -0.660000 0.197333 -0.280000
v -0.660000 0.197333 -0.280000
v -0.660000 0.197333 -0.280000
v -0.666667 0.208000 -0.000000
v -0.666667 0.208000 -0.000000
v -0.666667 0.208000 -0.000000
v -0.250667 0.349333 -0.642000
v -0.250667 0.349333 -0.642000
v -0.250667 0.349333 -0.642000
v -0.250667 0.349333 -0.642000
v -0.428000 0.349333 -0.376000
v -0.428000 0.349333 -0.376000
v -0.428000 0.349333 -0.376000
v -0.428000 0.349333 -0.376000
v -0.428000 0.349333 -0.376000
v -0.000000 0.402667 -0.508000
v -0.273333 0.402667 -0.410000
v -0.273333 0.402667 -0.410000
v -0.273333 0.402667 -0.410000
v -0.273333 0.402667 -0.410000
v -0.338667 0.402667 -0.000000
v -0.338667 0.402667 -0.000000
v -0.000000 -0.402667 -0.000000
v 0.250667 0.349333 0.642000
v -0.000000 0.402667 -0.000000
v -0.189333 -0.298667 -0.000000
v -0.189333 -0.298667 -0.000000
v -0.189333 -0.298667 -0.000000
v -0.000000 -0.298667 0.284000
v -0.000000 -0.298667 0.284000
v -0.000000 -0.298667 0.284000
v -0.666667 0.165333 -0.000000
v -0.666667 0.165333 -0.000000
v -0.660000 0.181333 0.280000
v -0.660000 0.181333 0.280000
v -0.660000 0.181333 0.280000
v -0.626667 0.165333 0.480000
v -0.626667 0.165333 0.480000
v -0.626667 0.165333 0.480000
v -0.626667 0.165333 0.480000
v -0.588000 0.180000 0.634000
v -0.588000 0.180000 0.634000
v -0.588000 0.180000 0.634000
v -0.516000 0.165333 0.774000
v -0.516000 0.165333 0.774000
v -0.516000 0.165333 0.774000
v -0.516000 0.165333 0.774000
v -0.516000 0.165333 0.774000
v -0.422667 0.180000 0.882000
v -0.422667 0.180000 0.882000
v -0.422667 0.180000 0.882000
v -0.320000 0.165333 0.940000
v -0.320000 0.165333 0.940000
v -0.320000 0.165333 0.940000
v -0.320000 0.165333 0.940000
v -0.186667 0.181333 0.990000
v -0.186667 0.181333 0.990000
v -0.186667 0.181333 0.990000
v -0.000000 0.165333 1.000000
v -0.000000 0.165333 1.000000
v -0.666667 0.208000 -0.000000
v -0.666667 0.208000 -0.000000
v -0.660000 0.197333 0.280000
v -0.660000 0.197333 0.280000
v -0.660000 0.197333 0.280000
v -0.626667 0.208000 0.480000
v -0.626667 0.208000 0.480000
v -0.626667 0.208000 0.480000
v -0.626667 0.208000 0.480000
v -0.588000 0.197333 0.634000
v -0.588000 0.197333 0.634000
v -0.588000 0.197333 0.634000
v -0.516000 0.208000 0.774000
v -0.516000 0.208000 0.774000
v -0.516000 0.208000 0.774000
v -0.516000 0.208000 0.774000
v -0.516000 0.208000 0.774000
v -0.422667 0.197333 0.882000
v -0.422667 0.197333 0.882000
v -0.422667 0.197333 0.882000
v -0.320000 0.208000 0.940000
v -0.320000 0.208000 0.940000
v -0.320000 0.208000 0.940000
v -0.320000 0.208000 0.940000
v -0.186667 0.197333 0.990000
v -0.186667 0.197333 0.990000
v -0.186667 0.197333 0.990000
v -0.000000 0.208000 1.000000
v -0.000000 0.208000 1.000000
v -0.000000 0.208000 1.000000
v -0.428000 0.349333 0.376000
v -0.428000 0.349333 0.376000
v -0.428000 0.349333 0.376000
v -0.428000 0.349333 0.376000
v -0.250667 0.349333 0.642000
v -0.250667 0.349333 0.642000
v -0.250667 0.349333 0.642000
v -0.250667 0.349333 0.642000
v -0.250667 0.349333 0.642000
v -0.338667 0.402667 -0.000000
v -0.338667 0.402667 -0.000000
v -0.273333 0.402667 0.410000
v -0.273333 0.402667 0.410000
v -0.273333 0.402667 0.410000
v -0.273333 0.402667 0.410000
v -0.000000 0.402667 0.508000
v -0.000000 0.402667 0.508000
v -0.000000 0.402667 0.508000
f 1 8 21 3
f 5 16 11 9
f 4 25 18 17
f 7 31 26 22
f 6 37 33 32
f 10 13 41 38
f 12 15 45 42
f 14 20 48 46
f 19 24 53 49
f 23 28 56 54
f 27 30 60 57
f 29 35 63 61
f 34 36 67 64
f 39 40 44 68
f 43 47 52 69
f 51 75 78 70
f 50 55 59 76
f 58 62 66 72
f 73 65 2 84
f 71 81 77
f 74 83 79
f 335 80 82 254
f 85 92 105 87
f 89 100 95 93
f 88 109 102 101
f 91 115 110 106
f 90 121 117 116
f 94 97 125 122
f 96 99 129 126
f 98 104 132 130
f 103 108 137 133
f 107 112 140 138
f 111 114 144 141
f 113 119 147 145
f 118 120 151 148
f 123 124 128 152
f 127 131 136 153
f 135 159 162 154
f 134 139 143 160
f 142 146 150 156
f 157 149 86 168
f 155 165 161
f 158 167 163
f 82 164 166 254
f 169 176 189 171
f 173 184 179 177
f 172 193 186 185
f 175 199 194 190
f 174 205 201 200
f 178 181 209 206
f 180 183 213 210
f 182 188 216 214
f 187 192 221 217
f 191 196 224 222
f 195 198 228 225
f 197 203 231 229
f 202 204 235 232
f 207 208 212 236
f 211 215 220 237
f 219 243 246 238
f 218 223 227 244
f 226 230 234 240
f 241 233 170 251
f 239 249 245
f 242 250 247
f 166 248 330 254
f 252 260 273 255
f 257 268 263 261
f 256 277 270 269
f 259 283 278 274
f 258 289 285 284
f 262 265 293 290
f 264 267 297 294
f 266 272 300 298
f 271 276 305 301
f 275 280 308 306
f 279 282 312 309
f 281 287 315 313
f 286 288 319 316
f 291 292 296 320
f 295 299 304 321
f 303 327 331 322
f 302 307 311 328
f 310 314 318 324
f 325 317 253 337
f 323 334 329
f 326 336 332
f 330 333 335 254

o cut_01
v -0.000000 -0.400000 0.000000
v 0.476000 0.332000 -0.482000
v -0.000000 -0.322667 0.230000
v -0.000000 -0.322667 0.230000
v -0.000000 -0.322667 0.230000
v 0.153333 -0.322667 0.000000
v 0.153333 -0.322667 0.000000
v 0.153333 -0.322667 0.000000
v -0.000000 0.168000 1.000000
v -0.000000 0.168000 1.000000
v 0.186667 0.176000 0.982000
v 0.186667 0.176000 0.982000
v 0.186667 0.176000 0.982000
v 0.326667 0.168000 0.946000
v 0.326667 0.168000 0.946000
v 0.326667 0.168000 0.946000
v 0.326667 0.168000 0.946000
v 0.437333 0.172000 0.902000
v 0.437333 0.172000 0.902000
v 0.437333 0.172000 0.902000
v 0.558667 0.168000 0.838000
v 0.558667 0.168000 0.838000
v 0.558667 0.168000 0.838000
v 0.558667 0.168000 0.838000
v 0.558667 0.168000 0.838000
v 0.601333 0.172000 0.656000
v 0.601333 0.172000 0.656000
v 0.601333 0.172000 0.656000
v 0.630667 0.168000 0.490000
v 0.630667 0.168000 0.490000
v 0.630667 0.168000 0.490000
v 0.630667 0.168000 0.490000
v 0.654667 0.176000 0.280000
v 0.654667 0.176000 0.280000
v 0.654667 0.176000 0.280000
v 0.666667 0.168000 0.000000
v 0.666667 0.168000 0.000000
v -0.000000 0.205333 1.000000
v -0.000000 0.205333 1.000000
v 0.186667 0.198667 0.982000
v 0.186667 0.198667 0.982000
v 0.186667 0.198667 0.982000
v 0.326667 0.205333 0.946000
v 0.326667 0.205333 0.946000
v 0.326667 0.205333 0.946000
v 0.326667 0.205333 0.946000
v 0.437333 0.201333 0.902000
v 0.437333 0.201333 0.902000
v 0.437333 0.201333 0.902000
v 0.558667 0.205333 0.838000
v 0.558667 0.205333 0.838000
v 0.558667 0.205333 0.838000
v 0.558667 0.205333 0.838000
v 0.558667 0.205333 0.838000
v 0.601333 0.201333 0.656000
v 0.601333 0.201333 0.656000
v 0.601333 0.201333 0.656000
v 0.630667 0.205333 0.490000
v 0.630667 0.205333 0.490000
v 0.630667 0.205333 0.490000
v 0.630667 0.205333 0.490000
v 0.654667 0.198667 0.280000
v 0.654667 0.198667 0.280000
v 0.654667 0.198667 0.280000
v 0.666667 0.205333 0.000000
v 0.666667 0.205333 0.000000
v 0.666667 0.205333 0.000000
v 0.321333 0.332000 0.714000
v 0.321333 0.332000 0.714000
v 0.321333 0.332000 0.714000
v 0.321333 0.332000 0.714000
v 0.476000 0.332000 0.482000
v 0.476000 0.332000 0.482000
v 0.476000 0.332000 0.482000
v 0.476000 0.332000 0.482000
v 0.476000 0.332000 0.482000
v -0.000000 0.400000 0.560000
v 0.312000 0.400000 0.468000
v 0.312000 0.400000 0.468000
v 0.312000 0.400000 0.468000
v 0.312000 0.400000 0.468000
v 0.373333 0.400000 0.000000
v 0.373333 0.400000 0.000000
v 0.373333 0.400000 0.000000
v -0.000000 -0.400000 0.000000
v -0.321333 0.332000 -0.714000
v 0.153333 -0.322667 0.000000
v 0.153333 -0.322667 0.000000
v 0.153333 -0.322667 0.000000
v -0.000000 -0.322667 -0.230000
v -0.000000 -0.322667 -0.230000
v -0.000000 -0.322667 -0.230000
v 0.666667 0.168000 0.000000
v 0.666667 0.168000 0.000000
v 0.654667 0.176000 -0.280000
v 0.654667 0.176000 -0.280000
v 0.654667 0.176000 -0.280000
v 0.630667 0.168000 -0.490000
v 0.630667 0.168000 -0.490000
v 0.630667 0.168000 -0.490000
v 0.630667 0.168000 -0.490000
v 0.601333 0.172000 -0.656000
v 0.601333 0.172000 -0.656000
v 0.601333 0.172000 -0.656000
v 0.558667 0.168000 -0.838000
v 0.558667 0.168000 -0.838000
v 0.558667 0.168000 -0.838000
v 0.558667 0.168000 -0.838000
v 0.558667 0.168000 -0.838000
v 0.437333 0.172000 -0.902000
v 0.437333 0.172000 -0.902000
v 0.437333 0.172000 -0.902000
v 0.326667 0.168000 -0.946000
v 0.326667 0.168000 -0.946000
v 0.326667 0.168000 -0.946000
v 0.326667 0.168000 -0.946000
v 0.186667 0.176000 -0.982000
v 0.186667 0.176000 -0.982000
v 0.186667 0.176000 -0.982000
v -0.000000 0.168000 -1.000000
v -0.000000 0.168000 -1.000000
v 0.666667 0.205333 0.000000
v 0.666667 0.205333 0.000000
v 0.654667 0.198667 -0.280000
v 0.654667 0.198667 -0.280000
v 0.654667 0.198667 -0.280000
v 0.630667 0.205333 -0.490000
v 0.630667 0.205333 -0.490000
v 0.630667 0.205333 -0.490000
v 0.630667 0.205333 -0.490000
v 0.601333 0.201333 -0.656000
v 0.601333 0.201333 -0.656000
v 0.601333 0.201333 -0.656000
v 0.558667 0.205333 -0.838000
v 0.558667 0.205333 -0.838000
v 0.558667 0.205333 -0.838000
v 0.558667 0.205333 -0.838000
v 0.558667 0.205333 -0.838000
v 0.437333 0.201333 -0.902000
v 0.437333 0.201333 -0.902000
v 0.437333 0.201333 -0.902000
v 0.326667 0.205333 -0.946000
v 0.326667 0.205333 -0.946000
v 0.326667 0.205333 -0.946000
v 0.326667 0.205333 -0.946000
v 0.186667 0.198667 -0.982000
v 0.186667 0.198667 -0.982000
v 0.186667 0.198667 -0.982000
v -0.000000 0.205333 -1.000000
v -0.000000 0.205333 -1.000000
v -0.000000 0.205333 -1.000000
v 0.476000 0.332000 -0.482000
v 0.476000 0.332000 -0.482000
v 0.476000 0.332000 -0.482000
v 0.476000 0.332000 -0.482000
v 0.321333 0.332000 -0.714000
v 0.321333 0.332000 -0.714000
v 0.321333 0.332000 -0.714000
v 0.321333 0.332000 -0.714000
v 0.321333 0.332000 -0.714000
v 0.373333 0.400000 0.000000
v 0.312000 0.400000 -0.468000
v 0.312000 0.400000 -0.468000
v 0.312000 0.400000 -0.468000
v 0.312000 0.400000 -0.468000
v -0.000000 0.400000 -0.560000
v -0.000000 0.400000 -0.560000
v -0.000000 0.400000 -0.560000
v -0.000000 -0.400000 0.000000
v -0.476000 0.332000 0.482000
v -0.000000 -0.322667 -0.230000
v -0.000000 -0.322667 -0.230000
v -0.000000 -0.322667 -0.230000
v -0.153333 -0.322667 0.000000
v -0.153333 -0.322667 0.000000
v -0.153333 -0.322667 0.000000
v -0.000000 0.168000 -1.000000
v -0.000000 0.168000 -1.000000
v -0.186667 0.176000 -0.982000
v -0.186667 0.176000 -0.982000
v -0.186667 0.176000 -0.982000
v -0.326667 0.168000 -0.946000
v -0.326667 0.168000 -0.946000
v -0.326667 0.168000 -0.946000
v -0.326667 0.168000 -0.946000
v -0.437333 0.172000 -0.902000
v -0.437333 0.172000 -0.902000
v -0.437333 0.172000 -0.902000
v -0.558667 0.168000 -0.838000
v -0.558667 0.168000 -0.838000
v -0.558667 0.168000 -0.838000
v -0.558667 0.168000 -0.838000
v -0.558667 0.168000 -0.838000
v -0.601333 0.172000 -0.656000
v -0.601333 0.172000 -0.656000
v -0.601333 0.172000 -0.656000
v -0.630667 0.168000 -0.490000
v -0.630667 0.168000 -0.490000
v -0.630667 0.168000 -0.490000
v -0.630667 0.168000 -0.490000
v -0.654667 0.176000 -0.280000
v -0.654667 0.176000 -0.280000
v -0.654667 0.176000 -0.280000
v -0.666667 0.168000 0.000000
v -0.666667 0.168000 0.000000
v -0.000000 0.205333 -1.000000
v -0.000000 0.205333 -1.000000
v -0.186667 0.198667 -0.982000
v -0.186667 0.198667 -0.982000
v -0.186667 0.198667 -0.982000
v -0.326667 0.205333 -0.946000
v -0.326667 0.205333 -0.946000
v -0.326667 0.205333 -0.946000
v -0.326667 0.205333 -0.946000
v -0.437333 0.201333 -0.902000
v -0.437333 0.201333 -0.902000
v -0.437333 0.201333 -0.902000
v -0.558667 0.205333 -0.838000
v -0.558667 0.205333 -0.838000
v -0.558667 0.205333 -0.838000
v -0.558667 0.205333 -0.838000
v -0.558667 0.205333 -0.838000
v -0.601333 0.201333 -0.656000
v -0.601333 0.201333 -0.656000
v -0.601333 0.201333 -0.656000
v -0.630667 0.205333 -0.490000
v -0.630667 0.205333 -0.490000
v -0.630667 0.205333 -0.490000
v -0.630667 0.205333 -0.490000
v -0.654667 0.198667 -0.280000
v -0.654667 0.198667 -0.280000
v -0.654667 0.198667 -0.280000
v -0.666667 0.205333 0.000000
v -0.666667 0.205333 0.000000
v -0.666667 0.205333 0.000000
v -0.321333 0.332000 -0.714000
v -0.321333 0.332000 -0.714000
v -0.321333 0.332000 -0.714000
v -0.321333 0.332000 -0.714000
v -0.476000 0.332000 -0.482000
v -0.476000 0.332000 -0.482000
v -0.476000 0.332000 -0.482000
v -0.476000 0.332000 -0.482000
v -0.476000 0.332000 -0.482000
v -0.000000 0.400000 -0.560000
v -0.312000 0.400000 -0.468000
v -0.312000 0.400000 -0.468000
v -0.312000 0.400000 -0.468000
v -0.312000 0.400000 -0.468000
v -0.373333 0.400000 0.000000
v -0.373333 0.400000 0.000000
v -0.000000 -0.400000 0.000000
v 0.321333 0.332000 0.714000
v -0.000000 0.400000 0.000000
v -0.153333 -0.322667 0.000000
v -0.153333 -0.322667 0.000000
v -0.153333 -0.322667 0.000000
v -0.000000 -0.322667 0.230000
v -0.000000 -0.322667 0.230000
v -0.000000 -0.322667 0.230000
v -0.666667 0.168000 0.000000
v -0.666667 0.168000 0.000000
v -0.654667 0.176000 0.280000
v -0.654667 0.176000 0.280000
v -0.654667 0.176000 0.280000
v -0.630667 0.168000 0.490000
v -0.630667 0.168000 0.490000
v -0.630667 0.168000 0.490000
v -0.630667 0.168000 0.490000
v -0.601333 0.172000 0.656000
v -0.601333 0.172000 0.656000
v -0.601333 0.172000 0.656000
v -0.558667 0.168000 0.838000
v -0.558667 0.168000 0.838000
v -0.558667 0.168000 0.838000
v -0.558667 0.168000 0.838000
v -0.558667 0.168000 0.838000
v -0.437333 0.172000 0.902000
v -0.437333 0.172000 0.902000
v -0.437333 0.172000 0.902000
v -0.326667 0.168000 0.946000
v -0.326667 0.168000 0.946000
v -0.326667 0.168000 0.946000
v -0.326667 0.168000 0.946000
v -0.186667 0.176000 0.982000
v -0.186667 0.176000 0.982000
v -0.186667 0.176000 0.982000
v -0.000000 0.168000 1.000000
v -0.000000 0.168000 1.000000
v -0.666667 0.205333 0.000000
v -0.666667 0.205333 0.000000
v -0.654667 0.198667 0.280000
v -0.654667 0.198667 0.280000
v -0.654667 0.198667 0.280000
v -0.630667 0.205333 0.490000
v -0.630667 0.205333 0.490000
v -0.630667 0.205333 0.490000
v -0.630667 0.205333 0.490000
v -0.601333 0.201333 0.656000
v -0.601333 0.201333 0.656000
v -0.601333 0.201333 0.656000
v -0.558667 0.205333 0.838000
v -0.558667 0.205333 0.838000
v -0.558667 0.205333 0.838000
v -0.558667 0.205333 0.838000
v -0.558667 0.205333 0.838000
v -0.437333 0.201333 0.902000
v -0.437333 0.201333 0.902000
v -0.437333 0.201333 0.902000
v -0.326667 0.205333 0.946000
v -0.326667 0.205333 0.946000
v -0.326667 0.205333 0.946000
v -0.326667 0.205333 0.946000
v -0.186667 0.198667 0.982000
v -0.186667 0.198667 0.982000
v -0.186667 0.198667 0.982000
v -0.000000 0.205333 1.000000
v -0.000000 0.205333 1.000000
v -0.000000 0.205333 1.000000
v -0.476000 0.332000 0.482000
v -0.476000 0.332000 0.482000
v -0.476000 0.332000 0.482000
v -0.476000 0.332000 0.482000
v -0.321333 0.332000 0.714000
v -0.321333 0.332000 0.714000
v -0.321333 0.332000 0.714000
v -0.321333 0.332000 0.714000
v -0.321333 0.332000 0.714000
v -0.373333 0.400000 0.000000
v -0.373333 0.400000 0.000000
v -0.312000 0.400000 0.468000
v -0.312000 0.400000 0.468000
v -0.312000 0.400000 0.468000
v -0.312000 0.400000 0.468000
v -0.000000 0.400000 0.560000
v -0.000000 0.400000 0.560000
v -0.000000 0.400000 0.560000
f 338 345 358 340
f 342 353 348 346
f 341 362 355 354
f 344 368 363 359
f 343 374 370 369
f 347 350 378 375
f 349 352 382 379
f 351 357 385 383
f 356 361 390 386
f 360 365 393 391
f 364 367 397 394
f 366 372 400 398
f 371 373 404 401
f 376 377 381 405
f 380 384 389 406
f 388 412 415 407
f 387 392 396 413
f 395 399 403 409
f 410 402 339 421
f 408 418 414
f 411 420 416
f 672 417 419 591
f 422 429 442 424
f 426 437 432 430
f 425 446 439 438
f 428 452 447 443
f 427 458 454 453
f 431 434 462 459
f 433 436 466 463
f 435 441 469 467
f 440 445 474 470
f 444 449 477 475
f 448 451 481 478
f 450 456 484 482
f 455 457 488 485
f 460 461 465 489
f 464 468 473 490
f 472 496 499 491
f 471 476 480 497
f 479 483 487 493
f 494 486 423 505
f 492 502 498
f 495 504 500
f 419 501 503 591
f 506 513 526 508
f 510 521 516 514
f 509 530 523 522
f 512 536 531 527
f 511 542 538 537
f 515 518 546 543
f 517 520 550 547
f 519 525 553 551
f 524 529 558 554
f 528 533 561 559
f 532 535 565 562
f 534 540 568 566
f 539 541 572 569
f 544 545 549 573
f 548 552 557 574
f 556 580 583 575
f 555 560 564 581
f 563 567 571 577
f 578 570 507 588
f 576 586 582
f 579 587 584
f 503 585 667 591
f 589 597 610 592
f 594 605 600 598
f 593 614 607 606
f 596 620 615 611
f 595 626 622 621
f 599 602 630 627
f 601 604 634 631
f 603 609 637 635
f 608 613 642 638
f 612 617 645 643
f 616 619 649 646
f 618 624 652 650
f 623 625 656 653
f 628 629 633 657
f 632 636 641 658
f 640 664 668 659
f 639 644 648 665
f 647 651 655 661
f 662 654 590 674
f 660 671 666
f 663 673 669
f 667 670 672 591

o cut_02
v 0.000000 -0.600000 0.000000
v 0.000000 -0.600000 0.000000
v 0.000000 -0.446000 -0.194000
v 0.000000 -0.446000 -0.194000
v 0.138000 -0.446000 -0.138000
v 0.138000 -0.446000 -0.138000
v 0.138000 -0.446000 -0.138000
v 0.138000 -0.446000 -0.138000
v 0.194000 -0.446000 0.000000
v 0.194000 -0.446000 0.000000
v 0.000000 0.254000 -1.000000
v 0.000000 0.254000 -1.000000
v 0.196000 0.270000 -0.980000
v 0.196000 0.270000 -0.980000
v 0.196000 0.270000 -0.980000
v 0.382000 0.254000 -0.924000
v 0.382000 0.254000 -0.924000
v 0.382000 0.254000 -0.924000
v 0.382000 0.254000 -0.924000
v 0.382000 0.254000 -0.924000
v 0.556000 0.270000 -0.832000
v 0.556000 0.270000 -0.832000
v 0.556000 0.270000 -0.832000
v 0.708000 0.254000 -0.708000
v 0.708000 0.254000 -0.708000
v 0.708000 0.254000 -0.708000
v 0.708000 0.254000 -0.708000
v 0.832000 0.270000 -0.556000
v 0.832000 0.270000 -0.556000
v 0.832000 0.270000 -0.556000
v 0.924000 0.254000 -0.382000
v 0.924000 0.254000 -0.382000
v 0.924000 0.254000 -0.382000
v 0.924000 0.254000 -0.382000
v 0.924000 0.254000 -0.382000
v 0.980000 0.270000 -0.196000
v 0.980000 0.270000 -0.196000
v 0.980000 0.270000 -0.196000
v 1.000000 0.254000 0.000000
v 1.000000 0.254000 0.000000
v 0.000000 0.306000 -1.000000
v 0.000000 0.306000 -1.000000
v 0.196000 0.290000 -0.980000
v 0.196000 0.290000 -0.980000
v 0.196000 0.290000 -0.980000
v 0.382000 0.306000 -0.924000
v 0.382000 0.306000 -0.924000
v 0.382000 0.306000 -0.924000
v 0.382000 0.306000 -0.924000
v 0.382000 0.306000 -0.924000
v 0.556000 0.290000 -0.832000
v 0.556000 0.290000 -0.832000
v 0.556000 0.290000 -0.832000
v 0.708000 0.306000 -0.708000
v 0.708000 0.306000 -0.708000
v 0.708000 0.306000 -0.708000
v 0.708000 0.306000 -0.708000
v 0.832000 0.290000 -0.556000
v 0.832000 0.290000 -0.556000
v 0.832000 0.290000 -0.556000
v 0.924000 0.306000 -0.382000
v 0.924000 0.306000 -0.382000
v 0.924000 0.306000 -0.382000
v 0.924000 0.306000 -0.382000
v 0.924000 0.306000 -0.382000
v 0.980000 0.290000 -0.196000
v 0.980000 0.290000 -0.196000
v 0.980000 0.290000 -0.196000
v 1.000000 0.306000 0.000000
v 1.000000 0.306000 0.000000
v 0.000000 0.520000 -0.744000
v 0.000000 0.520000 -0.744000
v 0.526000 0.520000 -0.526000
v 0.526000 0.520000 -0.526000
v 0.526000 0.520000 -0.526000
v 0.526000 0.520000 -0.526000
v 0.526000 0.520000 -0.526000
v 0.744000 0.520000 0.000000
v 0.744000 0.520000 0.000000
v 0.744000 0.520000 0.000000
v 0.218000 0.600000 -0.526000
v 0.218000 0.600000 -0.526000
v 0.526000 0.600000 -0.218000
v 0.526000 0.600000 -0.218000
v 0.526000 0.600000 -0.218000
v 0.526000 0.600000 -0.218000
v 0.526000 0.600000 0.218000
v 0.000000 0.600000 0.000000
v 0.000000 -0.600000 0.000000
v 0.000000 -0.600000 0.000000
v -0.194000 -0.446000 0.000000
v -0.194000 -0.446000 0.000000
v -0.138000 -0.446000 -0.138000
v -0.138000 -0.446000 -0.138000
v -0.138000 -0.446000 -0.138000
v -0.138000 -0.446000 -0.138000
v 0.000000 -0.446000 -0.194000
v 0.000000 -0.446000 -0.194000
v -1.000000 0.254000 0.000000
v -1.000000 0.254000 0.000000
v -0.980000 0.270000 -0.196000
v -0.980000 0.270000 -0.196000
v -0.980000 0.270000 -0.196000
v -0.924000 0.254000 -0.382000
v -0.924000 0.254000 -0.382000
v -0.924000 0.254000 -0.382000
v -0.924000 0.254000 -0.382000
v -0.924000 0.254000 -0.382000
v -0.832000 0.270000 -0.556000
v -0.832000 0.270000 -0.556000
v -0.832000 0.270000 -0.556000
v -0.708000 0.254000 -0.708000
v -0.708000 0.254000 -0.708000
v -0.708000 0.254000 -0.708000
v -0.708000 0.254000 -0.708000
v -0.556000 0.270000 -0.832000
v -0.556000 0.270000 -0.832000
v -0.556000 0.270000 -0.832000
v -0.382000 0.254000 -0.924000
v -0.382000 0.254000 -0.924000
v -0.382000 0.254000 -0.924000
v -0.382000 0.254000 -0.924000
v -0.382000 0.254000 -0.924000
v -0.196000 0.270000 -0.980000
v -0.196000 0.270000 -0.980000
v -0.196000 0.270000 -0.980000
v 0.000000 0.254000 -1.000000
v 0.000000 0.254000 -1.000000
v -1.000000 0.306000 0.000000
v -1.000000 0.306000 0.000000
v -0.980000 0.290000 -0.196000
v -0.980000 0.290000 -0.196000
v -0.980000 0.290000 -0.196000
v -0.924000 0.306000 -0.382000
v -0.924000 0.306000 -0.382000
v -0.924000 0.306000 -0.382000
v -0.924000 0.306000 -0.382000
v -0.924000 0.306000 -0.382000
v -0.832000 0.290000 -0.556000
v -0.832000 0.290000 -0.556000
v -0.832000 0.290000 -0.556000
v -0.708000 0.306000 -0.708000
v -0.708000 0.306000 -0.708000
v -0.708000 0.306000 -0.708000
v -0.708000 0.306000 -0.708000
v -0.556000 0.290000 -0.832000
v -0.556000 0.290000 -0.832000
v -0.556000 0.290000 -0.832000
v -0.382000 0.306000 -0.924000
v -0.382000 0.306000 -0.924000
v -0.382000 0.306000 -0.924000
v -0.382000 0.306000 -0.924000
v -0.382000 0.306000 -0.924000
v -0.196000 0.290000 -0.980000
v -0.196000 0.290000 -0.980000
v -0.196000 0.290000 -0.980000
v 0.000000 0.306000 -1.000000
v 0.000000 0.306000 -1.000000
v -0.744000 0.520000 0.000000
v -0.744000 0.520000 0.000000
v -0.526000 0.520000 -0.526000
v -0.526000 0.520000 -0.526000
v -0.526000 0.520000 -0.526000
v -0.526000 0.520000 -0.526000
v -0.526000 0.520000 -0.526000
v 0.000000 0.520000 -0.744000
v 0.000000 0.520000 -0.744000
v 0.000000 0.520000 -0.744000
v -0.526000 0.600000 -0.218000
v -0.526000 0.600000 -0.218000
v -0.526000 0.600000 -0.218000
v -0.218000 0.600000 -0.526000
v -0.218000 0.600000 -0.526000
v -0.218000 0.600000 -0.526000
v -0.218000 0.600000 -0.526000
v 0.218000 0.600000 -0.526000
v 0.218000 0.600000 -0.526000
v 0.000000 -0.600000 0.000000
v 0.000000 -0.600000 0.000000
v 0.000000 -0.446000 0.194000
v 0.000000 -0.446000 0.194000
v -0.138000 -0.446000 0.138000
v -0.138000 -0.446000 0.138000
v -0.138000 -0.446000 0.138000
v -0.138000 -0.446000 0.138000
v -0.194000 -0.446000 0.000000
v -0.194000 -0.446000 0.000000
v 0.000000 0.254000 1.000000
v 0.000000 0.254000 1.000000
v -0.196000 0.270000 0.980000
v -0.196000 0.270000 0.980000
v -0.196000 0.270000 0.980000
v -0.382000 0.254000 0.924000
v -0.382000 0.254000 0.924000
v -0.382000 0.254000 0.924000
v -0.382000 0.254000 0.924000
v -0.382000 0.254000 0.924000
v -0.556000 0.270000 0.832000
v -0.556000 0.270000 0.832000
v -0.556000 0.270000 0.832000
v -0.708000 0.254000 0.708000
v -0.708000 0.254000 0.708000
v -0.708000 0.254000 0.708000
v -0.708000 0.254000 0.708000
v -0.832000 0.270000 0.556000
v -0.832000 0.270000 0.556000
v -0.832000 0.270000 0.556000
v -0.924000 0.254000 0.382000
v -0.924000 0.254000 0.382000
v -0.924000 0.254000 0.382000
v -0.924000 0.254000 0.382000
v -0.924000 0.254000 0.382000
v -0.980000 0.270000 0.196000
v -0.980000 0.270000 0.196000
v -0.980000 0.270000 0.196000
v -1.000000 0.254000 0.000000
v -1.000000 0.254000 0.000000
v 0.000000 0.306000 1.000000
v 0.000000 0.306000 1.000000
v -0.196000 0.290000 0.980000
v -0.196000 0.290000 0.980000
v -0.196000 0.290000 0.980000
v -0.382000 0.306000 0.924000
v -0.382000 0.306000 0.924000
v -0.382000 0.306000 0.924000
v -0.382000 0.306000 0.924000
v -0.382000 0.306000 0.924000
v -0.556000 0.290000 0.832000
v -0.556000 0.290000 0.832000
v -0.556000 0.290000 0.832000
v -0.708000 0.306000 0.708000
v -0.708000 0.306000 0.708000
v -0.708000 0.306000 0.708000
v -0.708000 0.306000 0.708000
v -0.832000 0.290000 0.556000
v -0.832000 0.290000 0.556000
v -0.832000 0.290000 0.556000
v -0.924000 0.306000 0.382000
v -0.924000 0.306000 0.382000
v -0.924000 0.306000 0.382000
v -0.924000 0.306000 0.382000
v -0.924000 0.306000 0.382000
v -0.980000 0.290000 0.196000
v -0.980000 0.290000 0.196000
v -0.980000 0.290000 0.196000
v -1.000000 0.306000 0.000000
v -1.000000 0.306000 0.000000
v 0.000000 0.520000 0.744000
v 0.000000 0.520000 0.744000
v -0.526000 0.520000 0.526000
v -0.526000 0.520000 0.526000
v -0.526000 0.520000 0.526000
v -0.526000 0.520000 0.526000
v -0.526000 0.520000 0.526000
v -0.744000 0.520000 0.000000
v -0.744000 0.520000 0.000000
v -0.744000 0.520000 0.000000
v -0.218000 0.600000 0.526000
v -0.218000 0.600000 0.526000
v -0.218000 0.600000 0.526000
v -0.526000 0.600000 0.218000
v -0.526000 0.600000 0.218000
v -0.526000 0.600000 0.218000
v -0.526000 0.600000 0.218000
v -0.526000 0.600000 -0.218000
v 0.000000 -0.600000 0.000000
v 0.000000 -0.600000 0.000000
v 0.194000 -0.446000 0.000000
v 0.194000 -0.446000 0.000000
v 0.138000 -0.446000 0.138000
v 0.138000 -0.446000 0.138000
v 0.138000 -0.446000 0.138000
v 0.138000 -0.446000 0.138000
v 0.000000 -0.446000 0.194000
v 0.000000 -0.446000 0.194000
v 1.000000 0.254000 0.000000
v 1.000000 0.254000 0.000000
v 0.980000 0.270000 0.196000
v 0.980000 0.270000 0.196000
v 0.980000 0.270000 0.196000
v 0.924000 0.254000 0.382000
v 0.924000 0.254000 0.382000
v 0.924000 0.254000 0.382000
v 0.924000 0.254000 0.382000
v 0.924000 0.254000 0.382000
v 0.832000 0.270000 0.556000
v 0.832000 0.270000 0.556000
v 0.832000 0.270000 0.556000
v 0.708000 0.254000 0.708000
v 0.708000 0.254000 0.708000
v 0.708000 0.254000 0.708000
v 0.708000 0.254000 0.708000
v 0.556000 0.270000 0.832000
v 0.556000 0.270000 0.832000
v 0.556000 0.270000 0.832000
v 0.382000 0.254000 0.924000
v 0.382000 0.254000 0.924000
v 0.382000 0.254000 0.924000
v 0.382000 0.254000 0.924000
v 0.382000 0.254000 0.924000
v 0.196000 0.270000 0.980000
v 0.196000 0.270000 0.980000
v 0.196000 0.270000 0.980000
v 0.000000 0.254000 1.000000
v 0.000000 0.254000 1.000000
v 1.000000 0.306000 0.000000
v 1.000000 0.306000 0.000000
v 0.980000 0.290000 0.196000
v 0.980000 0.290000 0.196000
v 0.980000 0.290000 0.196000
v 0.924000 0.306000 0.382000
v 0.924000 0.306000 0.382000
v 0.924000 0.306000 0.382000
v 0.924000 0.306000 0.382000
v 0.924000 0.306000 0.382000
v 0.832000 0.290000 0.556000
v 0.832000 0.290000 0.556000
v 0.832000 0.290000 0.556000
v 0.708000 0.306000 0.708000
v 0.708000 0.306000 0.708000
v 0.708000 0.306000 0.708000
v 0.708000 0.306000 0.708000
v 0.556000 0.290000 0.832000
v 0.556000 0.290000 0.832000
v 0.556000 0.290000 0.832000
v 0.382000 0.306000 0.924000
v 0.382000 0.306000 0.924000
v 0.382000 0.306000 0.924000
v 0.382000 0.306000 0.924000
v 0.382000 0.306000 0.924000
v 0.196000 0.290000 0.980000
v 0.196000 0.290000 0.980000
v 0.196000 0.290000 0.980000
v 0.000000 0.306000 1.000000
v 0.000000 0.306000 1.000000
v 0.744000 0.520000 0.000000
v 0.744000 0.520000 0.000000
v 0.526000 0.520000 0.526000
v 0.526000 0.520000 0.526000
v 0.526000 0.520000 0.526000
v 0.526000 0.520000 0.526000
v 0.526000 0.520000 0.526000
v 0.000000 0.520000 0.744000
v 0.000000 0.520000 0.744000
v 0.000000 0.520000 0.744000
v 0.526000 0.600000 0.218000
v 0.526000 0.600000 0.218000
v 0.526000 0.600000 0.218000
v 0.218000 0.600000 0.526000
v 0.218000 0.600000 0.526000
v 0.218000 0.600000 0.526000
v 0.218000 0.600000 0.526000
v -0.218000 0.600000 0.526000
f 675 678 693 679
f 676 682 708 683
f 677 686 688 694
f 680 692 696 698
f 681 701 703 709
f 684 707 711 713
f 685 716 717 689
f 687 719 720 690
f 691 724 725 697
f 695 727 728 699
f 700 731 732 704
f 702 734 735 705
f 706 739 740 712
f 710 742 743 714
f 715 746 721 718
f 723 750 729 726
f 730 749 736 733
f 738 752 744 741
f 722 745 756 751
f 737 748 759 753
f 747 755 760
f 754 758 761
f 1020 757 851 762
f 763 766 781 767
f 764 770 796 771
f 765 774 776 782
f 768 780 784 786
f 769 789 791 797
f 772 795 799 801
f 773 804 805 777
f 775 807 808 778
f 779 812 813 785
f 783 815 816 787
f 788 819 820 792
f 790 822 823 793
f 794 827 828 800
f 798 830 831 802
f 803 834 809 806
f 811 838 817 814
f 818 837 824 821
f 826 840 832 829
f 810 833 845 839
f 825 836 848 841
f 835 844 849
f 842 847 850
f 851 846 843 762
f 852 855 870 856
f 853 859 885 860
f 854 863 865 871
f 857 869 873 875
f 858 878 880 886
f 861 884 888 890
f 862 893 894 866
f 864 896 897 867
f 868 901 902 874
f 872 904 905 876
f 877 908 909 881
f 879 911 912 882
f 883 916 917 889
f 887 919 920 891
f 892 923 898 895
f 900 927 906 903
f 907 926 913 910
f 915 929 921 918
f 899 922 934 928
f 914 925 937 930
f 924 933 938
f 931 936 939
f 843 935 932 762
f 940 943 958 944
f 941 947 973 948
f 942 951 953 959
f 945 957 961 963
f 946 966 968 974
f 949 972 976 978
f 950 981 982 954
f 952 984 985 955
f 956 989 990 962
f 960 992 993 964
f 965 996 997 969
f 967 999 1000 970
f 971 1004 1005 977
f 975 1007 1008 979
f 980 1011 986 983
f 988 1015 994 991
f 995 1014 1001 998
f 1003 1017 1009 1006
f 987 1010 1022 1016
f 1002 1013 1025 1018
f 1012 1021 1026
f 1019 1024 1027
f 932 1023 1020 762

o cut_03
v 0.000000 -0.338471 0.376000
v 0.000000 -0.338471 0.376000
v 0.000000 -0.338471 0.376000
v 0.000000 -0.465496 -0.376000
v 0.000000 -0.465496 -0.376000
v 0.000000 -0.465496 -0.376000
v -0.080000 -0.246010 0.500000
v -0.080000 -0.246010 0.500000
v -0.080000 -0.246010 0.500000
v -0.080000 -0.246010 0.500000
v 0.080000 -0.246010 0.500000
v 0.080000 -0.246010 0.500000
v 0.080000 -0.246010 0.500000
v 0.080000 -0.246010 0.500000
v 0.124000 -0.353093 -0.500000
v 0.124000 -0.353093 -0.500000
v 0.124000 -0.353093 -0.500000
v 0.124000 -0.353093 -0.500000
v -0.124000 -0.353093 -0.500000
v -0.124000 -0.353093 -0.500000
v -0.124000 -0.353093 -0.500000
v -0.124000 -0.353093 -0.500000
v -0.320000 0.085643 0.876000
v -0.320000 0.085643 0.876000
v -0.320000 0.085643 0.876000
v -0.320000 0.085643 0.876000
v 0.320000 0.085643 0.876000
v 0.320000 0.085643 0.876000
v 0.320000 0.085643 0.876000
v 0.320000 0.085643 0.876000
v 0.496000 0.050093 -0.876000
v 0.496000 0.050093 -0.876000
v 0.496000 0.050093 -0.876000
v 0.496000 0.050093 -0.876000
v -0.496000 0.050093 -0.876000
v -0.496000 0.050093 -0.876000
v -0.496000 0.050093 -0.876000
v -0.496000 0.050093 -0.876000
v -0.400000 0.235803 1.000000
v -0.400000 0.235803 1.000000
v -0.400000 0.235803 1.000000
v -0.400000 0.235803 1.000000
v 0.400000 0.235803 1.000000
v 0.400000 0.235803 1.000000
v 0.400000 0.235803 1.000000
v 0.400000 0.235803 1.000000
v 0.620000 0.235803 -1.000000
v 0.620000 0.235803 -1.000000
v 0.620000 0.235803 -1.000000
v 0.620000 0.235803 -1.000000
v -0.620000 0.235803 -1.000000
v -0.620000 0.235803 -1.000000
v -0.620000 0.235803 -1.000000
v -0.620000 0.235803 -1.000000
v -0.400000 0.265125 1.000000
v -0.400000 0.265125 1.000000
v -0.400000 0.265125 1.000000
v -0.400000 0.265125 1.000000
v 0.400000 0.265125 1.000000
v 0.400000 0.265125 1.000000
v 0.400000 0.265125 1.000000
v 0.400000 0.265125 1.000000
v 0.620000 0.265125 -1.000000
v 0.620000 0.265125 -1.000000
v 0.620000 0.265125 -1.000000
v 0.620000 0.265125 -1.000000
v -0.620000 0.265125 -1.000000
v -0.620000 0.265125 -1.000000
v -0.620000 0.265125 -1.000000
v -0.620000 0.265125 -1.000000
v -0.320000 0.371065 0.876000
v -0.320000 0.371065 0.876000
v -0.320000 0.371065 0.876000
v -0.320000 0.371065 0.876000
v 0.320000 0.371065 0.876000
v 0.320000 0.371065 0.876000
v 0.320000 0.371065 0.876000
v 0.320000 0.371065 0.876000
v 0.496000 0.397077 -0.876000
v 0.496000 0.397077 -0.876000
v 0.496000 0.397077 -0.876000
v 0.496000 0.397077 -0.876000
v -0.496000 0.397077 -0.876000
v -0.496000 0.397077 -0.876000
v -0.496000 0.397077 -0.876000
v -0.496000 0.397077 -0.876000
v -0.240000 0.427345 0.750000
v -0.240000 0.427345 0.750000
v -0.240000 0.427345 0.750000
v 0.240000 0.427345 0.750000
v 0.240000 0.427345 0.750000
v 0.240000 0.427345 0.750000
v 0.372000 0.465496 -0.750000
v 0.372000 0.465496 -0.750000
v 0.372000 0.465496 -0.750000
v -0.372000 0.465496 -0.750000
v -0.372000 0.465496 -0.750000
v -0.372000 0.465496 -0.750000
f 1029 1040 1034
f 1028 1032 1044 1041
f 1031 1048 1045
f 1030 1037 1049 1033
f 1035 1039 1056 1050
f 1038 1043 1060 1057
f 1042 1047 1064 1061
f 1046 1036 1053 1065
f 1051 1055 1072 1066
f 1054 1059 1076 1073
f 1058 1063 1080 1077
f 1062 1052 1069 1081
f 1067 1071 1088 1082
f 1070 1075 1092 1089
f 1074 1079 1096 1093
f 1078 1068 1085 1097
f 1083 1087 1104 1098
f 1086 1091 1108 1105
f 1090 1095 1112 1109
f 1094 1084 1101 1113
f 1099 1103 1118 1114
f 1102 1107 1121 1119
f 1106 1111 1124 1122
f 1110 1100 1116 1125
f 1115 1117 1120 1123

o cut_04
v 0.000100 0.381200 0.000000
v 0.000100 -0.381200 0.000000
v 0.000100 0.205600 -1.000000
v -0.625100 0.205600 0.000000
v -0.624900 0.218200 -1.000000
v -0.624900 0.205600 -1.000000
v -0.624900 0.205600 -1.000000
v -0.624900 0.193000 -1.000000
v -0.624900 0.193000 -1.000000
v -0.624900 0.193000 -1.000000
v -0.624900 0.193000 -1.000000
v -0.624900 0.193000 -1.000000
v -0.624900 0.218200 -1.000000
v 0.625100 0.218200 -1.000000
v 0.625100 0.218200 -1.000000
v 0.625100 0.218200 -1.000000
v 0.625100 0.218200 -1.000000
v 0.625100 0.205600 -1.000000
v 0.625100 0.205600 -1.000000
v 0.625100 0.193000 -1.000000
v 0.625100 0.193000 -1.000000
v 0.625100 0.193000 -1.000000
v 0.625100 0.193000 -1.000000
v -0.499900 0.324800 -0.875000
v -0.499900 0.324800 -0.875000
v -0.499900 0.324800 -0.875000
v -0.499900 0.324800 -0.875000
v -0.499900 0.041800 -0.875000
v -0.499900 0.041800 -0.875000
v -0.499900 0.041800 -0.875000
v -0.499900 0.041800 -0.875000
v 0.500100 0.324800 -0.875000
v 0.500100 0.324800 -0.875000
v 0.500100 0.324800 -0.875000
v 0.500100 0.324800 -0.875000
v 0.500100 0.041800 -0.875000
v 0.500100 0.041800 -0.875000
v 0.500100 0.041800 -0.875000
v 0.500100 0.041800 -0.875000
v -0.374900 0.381200 -0.750000
v -0.374900 0.381200 -0.750000
v -0.374900 0.381200 -0.750000
v 0.000100 0.381200 -0.750000
v 0.000100 0.381200 -0.750000
v 0.375100 0.381200 -0.750000
v 0.375100 0.381200 -0.750000
v 0.375100 0.381200 -0.750000
v -0.124900 -0.289200 -0.500000
v -0.124900 -0.289200 -0.500000
v -0.124900 -0.289200 -0.500000
v -0.124900 -0.289200 -0.500000
v 0.125100 -0.289200 -0.500000
v 0.125100 -0.289200 -0.500000
v 0.125100 -0.289200 -0.500000
v 0.125100 -0.289200 -0.500000
v 0.000100 -0.381200 -0.375000
v 0.000100 -0.381200 -0.375000
v 0.000100 -0.381200 -0.375000
v -0.624900 0.218200 -1.000000
v -0.625100 0.205600 0.000000
v -0.625100 0.205600 0.000000
v -0.625100 0.205600 0.000000
v -0.374900 0.381200 0.000000
v -0.374900 0.381200 0.000000
v -0.624900 0.218200 -1.000000
v -0.624900 0.218200 -1.000000
v 0.000100 -0.381200 0.000000
v 0.375100 0.381200 0.000000
v 0.375100 0.381200 0.000000
v 0.000100 -0.381200 0.375000
v 0.000100 -0.381200 0.375000
v 0.000100 -0.381200 0.375000
v -0.124900 -0.289200 0.500000
v -0.124900 -0.289200 0.500000
v -0.124900 -0.289200 0.500000
v -0.124900 -0.289200 0.500000
v 0.125100 -0.289200 0.500000
v 0.125100 -0.289200 0.500000
v 0.125100 -0.289200 0.500000
v 0.125100 -0.289200 0.500000
v -0.374900 0.381200 0.750000
v -0.374900 0.381200 0.750000
v -0.374900 0.381200 0.750000
v 0.000100 0.381200 0.750000
v 0.000100 0.381200 0.750000
v 0.375100 0.381200 0.750000
v 0.375100 0.381200 0.750000
v 0.375100 0.381200 0.750000
v -0.499900 0.324800 0.875000
v -0.499900 0.324800 0.875000
v -0.499900 0.324800 0.875000
v -0.499900 0.324800 0.875000
v -0.499900 0.041800 0.875000
v -0.499900 0.041800 0.875000
v -0.499900 0.041800 0.875000
v -0.499900 0.041800 0.875000
v 0.500100 0.324800 0.875000
v 0.500100 0.324800 0.875000
v 0.500100 0.324800 0.875000
v 0.500100 0.324800 0.875000
v 0.500100 0.041800 0.875000
v 0.500100 0.041800 0.875000
v 0.500100 0.041800 0.875000
v 0.500100 0.041800 0.875000
v -0.624900 0.218200 1.000000
v -0.624900 0.218200 1.000000
v -0.624900 0.218200 1.000000
v -0.624900 0.218200 1.000000
v -0.624900 0.218200 1.000000
v -0.624900 0.205600 1.000000
v -0.624900 0.205600 1.000000
v -0.624900 0.193000 1.000000
v -0.624900 0.193000 1.000000
v -0.624900 0.193000 1.000000
v -0.624900 0.193000 1.000000
v -0.624900 0.193000 1.000000
v 0.625100 0.218200 1.000000
v 0.625100 0.218200 1.000000
v 0.625100 0.218200 1.000000
v 0.625100 0.218200 1.000000
v 0.625100 0.205600 1.000000
v 0.625100 0.205600 1.000000
v 0.625100 0.193000 1.000000
v 0.625100 0.193000 1.000000
v 0.625100 0.193000 1.000000
v 0.625100 0.193000 1.000000
v 0.000100 -0.381200 0.000000
v 0.000100 -0.381200 0.000000
v 0.000100 -0.381200 0.000000
v 0.000100 -0.381200 0.000000
v 0.000100 0.381200 -0.750000
v 0.000100 0.381200 -0.750000
v -0.499900 0.324800 -0.875000
v 0.000100 0.205600 -1.000000
v 0.000100 0.205600 -1.000000
v -0.624900 0.193000 -1.000000
v 0.000100 0.205600 -1.000000
v 0.000100 0.205600 -1.000000
v -0.624900 0.218200 -1.000000
v 0.000100 0.381200 -0.750000
v 0.000100 0.381200 0.000000
v 0.000100 0.381200 0.000000
v 0.000100 0.381200 0.000000
f 1240 1221 1229 1250
f 1252 1183 1179
f 1202 1196 1253
f 1254 1195 1199
f 1176 1182 1255
f 1176 1127 1199
f 1202 1192 1179
f 1220 1201 1205 1228
f 1156 1175 1198 1219
f 1162 1177 1173 1154
f 1140 1191 1149 1157
f 1223 1242 1141 1160
f 1151 1130 1231 1214
f 1210 1224 1213
f 1208 1216 1210
f 1188 1215 1206
f 1166 1152 1188
f 1168 1150 1165
f 1170 1158 1256
f 1194 1159 1172
f 1212 1222 1194
f 1194 1222 1159
f 1210 1216 1224
f 1188 1152 1215
f 1257 1158 1258
f 1233 1244 1225 1217
f 1137 1155 1218 1238
f 1146 1161 1153 1134
f 1145 1259 1143
f 1128 1131 1190
f 1128 1133 1131
f 1139 1143 1260
f 1145 1261 1262
f 1139 1263 1264
f 1248 1227 1164 1147
f 1246 1144 1142 1243
f 1249 1148 1144 1246
f 1236 1247 1245 1234
f 1241 1251 1247 1236
f 1226 1203 1180 1163
f 1204 1200 1197
f 1174 1178 1181
f 1265 1266 1193 1171
f 1267 1209 1211 1193
f 1189 1207 1209 1268
f 1167 1189 1126 1169
f 1136 1237 1186
f 1184 1185 1230
f 1187 1239 1235
f 1187 1235 1232
f 1135 1129 1132
f 1138 1132 1129

o cut_05
v -0.000000 0.600000 -0.000000
v -0.000000 -0.600000 -0.000000
v 1.000000 0.280400 -0.000000
v -0.000000 0.280400 -1.000000
v 1.000000 0.307200 -0.000000
v 1.000000 0.307200 -0.000000
v 1.000000 0.280400 -0.000000
v 1.000000 0.253600 -0.000000
v 1.000000 0.253600 -0.000000
v 1.000000 0.253600 -0.000000
v 1.000000 0.253600 -0.000000
v 1.000000 0.253600 -0.000000
v 0.995200 0.295000 -0.098001
v 0.995200 0.295000 -0.098001
v 0.995200 0.295000 -0.098001
v 0.995200 0.295000 -0.098001
v 0.995200 0.280600 -0.098001
v 0.995200 0.280600 -0.098001
v 0.995200 0.266400 -0.098001
v 0.995200 0.266400 -0.098001
v 0.995200 0.266400 -0.098001
v 0.995200 0.266400 -0.098001
v 0.995200 0.295000 0.098000
v 0.995200 0.295000 0.098000
v 0.995200 0.295000 0.098000
v 0.995200 0.295000 0.098000
v 0.995200 0.280600 0.098000
v 0.995200 0.280600 0.098000
v 0.995200 0.266400 0.098000
v 0.995200 0.266400 0.098000
v 0.995200 0.266400 0.098000
v 0.995200 0.266400 0.098000
v 0.980800 0.290800 -0.195001
v 0.980800 0.290800 -0.195001
v 0.980800 0.290800 -0.195001
v 0.980800 0.290800 -0.195001
v 0.980800 0.280800 -0.195001
v 0.980800 0.280800 -0.195001
v 0.980800 0.270600 -0.195001
v 0.980800 0.270600 -0.195001
v 0.980800 0.270600 -0.195001
v 0.980800 0.270600 -0.195001
v 0.980800 0.290800 0.195000
v 0.980800 0.290800 0.195000
v 0.980800 0.290800 0.195000
v 0.980800 0.290800 0.195000
v 0.980800 0.280800 0.195000
v 0.980800 0.280800 0.195000
v 0.980800 0.270600 0.195000
v 0.980800 0.270600 0.195000
v 0.980800 0.270600 0.195000
v 0.980800 0.270600 0.195000
v 0.957000 0.295000 -0.290200
v 0.957000 0.295000 -0.290200
v 0.957000 0.295000 -0.290200
v 0.957000 0.295000 -0.290200
v 0.957000 0.280600 -0.290200
v 0.957000 0.280600 -0.290200
v 0.957000 0.266400 -0.290200
v 0.957000 0.266400 -0.290200
v 0.957000 0.266400 -0.290200
v 0.957000 0.266400 -0.290200
v 0.957000 0.295000 0.290199
v 0.957000 0.295000 0.290199
v 0.957000 0.295000 0.290199
v 0.957000 0.295000 0.290199
v 0.957000 0.280600 0.290199
v 0.957000 0.280600 0.290199
v 0.957000 0.266400 0.290199
v 0.957000 0.266400 0.290199
v 0.957000 0.266400 0.290199
v 0.957000 0.266400 0.290199
v 0.923800 0.307200 -0.382601
v 0.923800 0.307200 -0.382601
v 0.923800 0.307200 -0.382601
v 0.923800 0.307200 -0.382601
v 0.923800 0.280400 -0.382601
v 0.923800 0.280400 -0.382601
v 0.923800 0.253600 -0.382601
v 0.923800 0.253600 -0.382601
v 0.923800 0.253600 -0.382601
v 0.923800 0.253600 -0.382601
v 0.923800 0.307200 0.382600
v 0.923800 0.307200 0.382600
v 0.923800 0.307200 0.382600
v 0.923800 0.307200 0.382600
v 0.923800 0.280400 0.382600
v 0.923800 0.280400 0.382600
v 0.923800 0.253600 0.382600
v 0.923800 0.253600 0.382600
v 0.923800 0.253600 0.382600
v 0.923800 0.253600 0.382600
v 0.882000 0.295000 -0.471400
v 0.882000 0.295000 -0.471400
v 0.882000 0.295000 -0.471400
v 0.882000 0.295000 -0.471400
v 0.882000 0.280600 -0.471400
v 0.882000 0.280600 -0.471400
v 0.882000 0.266400 -0.471400
v 0.882000 0.266400 -0.471400
v 0.882000 0.266400 -0.471400
v 0.882000 0.266400 -0.471400
v 0.882000 0.295000 0.471399
v 0.882000 0.295000 0.471399
v 0.882000 0.295000 0.471399
v 0.882000 0.295000 0.471399
v 0.882000 0.280600 0.471399
v 0.882000 0.280600 0.471399
v 0.882000 0.266400 0.471399
v 0.882000 0.266400 0.471399
v 0.882000 0.266400 0.471399
v 0.882000 0.266400 0.471399
v 0.831400 0.290800 -0.555600
v 0.831400 0.290800 -0.555600
v 0.831400 0.290800 -0.555600
v 0.831400 0.290800 -0.555600
v 0.831400 0.280800 -0.555600
v 0.831400 0.280800 -0.555600
v 0.831400 0.270600 -0.555600
v 0.831400 0.270600 -0.555600
v 0.831400 0.270600 -0.555600
v 0.831400 0.270600 -0.555600
v 0.831400 0.290800 0.555599
v 0.831400 0.290800 0.555599
v 0.831400 0.290800 0.555599
v 0.831400 0.290800 0.555599
v 0.831400 0.280800 0.555599
v 0.831400 0.280800 0.555599
v 0.831400 0.270600 0.555599
v 0.831400 0.270600 0.555599
v 0.831400 0.270600 0.555599
v 0.831400 0.270600 0.555599
v 0.772999 0.295000 -0.634400
v 0.772999 0.295000 -0.634400
v 0.772999 0.295000 -0.634400
v 0.772999 0.295000 -0.634400
v 0.772999 0.280600 -0.634400
v 0.772999 0.280600 -0.634400
v 0.772999 0.266400 -0.634400
v 0.772999 0.266400 -0.634400
v 0.772999 0.266400 -0.634400
v 0.772999 0.266400 -0.634400
v 0.772999 0.295000 0.634399
v 0.772999 0.295000 0.634399
v 0.772999 0.295000 0.634399
v 0.772999 0.295000 0.634399
v 0.772999 0.280600 0.634399
v 0.772999 0.280600 0.634399
v 0.772999 0.266400 0.634399
v 0.772999 0.266400 0.634399
v 0.772999 0.266400 0.634399
v 0.772999 0.266400 0.634399
v 0.707200 0.307200 -0.707200
v 0.707200 0.307200 -0.707200
v 0.707200 0.307200 -0.707200
v 0.707200 0.307200 -0.707200
v 0.707200 0.307200 -0.707200
v 0.707200 0.280400 -0.707200
v 0.707200 0.280400 -0.707200
v 0.707200 0.253600 -0.707200
v 0.707200 0.253600 -0.707200
v 0.707200 0.253600 -0.707200
v 0.707200 0.253600 -0.707200
v 0.707200 0.253600 -0.707200
v 0.707200 0.307200 0.707199
v 0.707200 0.307200 0.707199
v 0.707200 0.307200 0.707199
v 0.707200 0.307200 0.707199
v 0.707200 0.307200 0.707199
v 0.707200 0.280400 0.707199
v 0.707200 0.280400 0.707199
v 0.707200 0.253600 0.707199
v 0.707200 0.253600 0.707199
v 0.707200 0.253600 0.707199
v 0.707200 0.253600 0.707199
v 0.707200 0.253600 0.707199
v 0.687999 0.519600 -0.285001
v 0.687999 0.519600 -0.285001
v 0.687999 0.519600 -0.285001
v 0.687999 0.519600 -0.285001
v 0.687999 0.519600 -0.285001
v 0.687999 0.519600 -0.285001
v 0.687999 0.519600 -0.285001
v 0.687999 0.519600 -0.285001
v 0.687999 0.519600 -0.285001
v 0.687999 0.519600 -0.285001
v 0.687999 0.519600 -0.285001
v 0.687999 0.519600 0.285000
v 0.687999 0.519600 0.285000
v 0.687999 0.519600 0.285000
v 0.687999 0.519600 0.285000
v 0.687999 0.519600 0.285000
v 0.687999 0.519600 0.285000
v 0.687999 0.519600 0.285000
v 0.687999 0.519600 0.285000
v 0.687999 0.519600 0.285000
v 0.687999 0.519600 0.285000
v 0.687999 0.519600 0.285000
v 0.634400 0.295000 -0.773001
v 0.634400 0.295000 -0.773001
v 0.634400 0.295000 -0.773001
v 0.634400 0.295000 -0.773001
v 0.634400 0.280600 -0.773001
v 0.634400 0.280600 -0.773001
v 0.634400 0.266400 -0.773001
v 0.634400 0.266400 -0.773001
v 0.634400 0.266400 -0.773001
v 0.634400 0.266400 -0.773001
v 0.634400 0.295000 0.773000
v 0.634400 0.295000 0.773000
v 0.634400 0.295000 0.773000
v 0.634400 0.295000 0.773000
v 0.634400 0.280600 0.773000
v 0.634400 0.280600 0.773000
v 0.634400 0.266400 0.773000
v 0.634400 0.266400 0.773000
v 0.634400 0.266400 0.773000
v 0.634400 0.266400 0.773000
v 0.569999 0.600000 -0.000000
v 0.569999 0.600000 -0.000000
v 0.569999 0.600000 -0.000000
v 0.569999 0.600000 -0.000000
v 0.555600 0.290800 -0.831400
v 0.555600 0.290800 -0.831400
v 0.555600 0.290800 -0.831400
v 0.555600 0.290800 -0.831400
v 0.555600 0.280800 -0.831400
v 0.555600 0.280800 -0.831400
v 0.555600 0.270600 -0.831400
v 0.555600 0.270600 -0.831400
v 0.555600 0.270600 -0.831400
v 0.555600 0.270600 -0.831400
v 0.555600 0.290800 0.831400
v 0.555600 0.290800 0.831400
v 0.555600 0.290800 0.831400
v 0.555600 0.290800 0.831400
v 0.555600 0.280800 0.831400
v 0.555600 0.280800 0.831400
v 0.555600 0.270600 0.831400
v 0.555600 0.270600 0.831400
v 0.555600 0.270600 0.831400
v 0.555600 0.270600 0.831400
v 0.471400 0.295000 -0.882000
v 0.471400 0.295000 -0.882000
v 0.471400 0.295000 -0.882000
v 0.471400 0.295000 -0.882000
v 0.471400 0.280600 -0.882000
v 0.471400 0.280600 -0.882000
v 0.471400 0.266400 -0.882000
v 0.471400 0.266400 -0.882000
v 0.471400 0.266400 -0.882000
v 0.471400 0.266400 -0.882000
v 0.471400 0.295000 0.882000
v 0.471400 0.295000 0.882000
v 0.471400 0.295000 0.882000
v 0.471400 0.295000 0.882000
v 0.471400 0.280600 0.882000
v 0.471400 0.280600 0.882000
v 0.471400 0.266400 0.882000
v 0.471400 0.266400 0.882000
v 0.471400 0.266400 0.882000
v 0.471400 0.266400 0.882000
v 0.403000 0.600000 -0.403001
v 0.403000 0.600000 -0.403001
v 0.403000 0.600000 -0.403001
v 0.403000 0.600000 -0.403001
v 0.403000 0.600000 0.403000
v 0.403000 0.600000 0.403000
v 0.403000 0.600000 0.403000
v 0.403000 0.600000 0.403000
v 0.382600 0.307200 -0.923800
v 0.382600 0.307200 -0.923800
v 0.382600 0.307200 -0.923800
v 0.382600 0.307200 -0.923800
v 0.382600 0.280400 -0.923800
v 0.382600 0.280400 -0.923800
v 0.382600 0.253600 -0.923800
v 0.382600 0.253600 -0.923800
v 0.382600 0.253600 -0.923800
v 0.382600 0.253600 -0.923800
v 0.382600 0.307200 0.923800
v 0.382600 0.307200 0.923800
v 0.382600 0.307200 0.923800
v 0.382600 0.307200 0.923800
v 0.382600 0.280400 0.923800
v 0.382600 0.280400 0.923800
v 0.382600 0.253600 0.923800
v 0.382600 0.253600 0.923800
v 0.382600 0.253600 0.923800
v 0.382600 0.253600 0.923800
v 0.290200 0.295000 -0.957001
v 0.290200 0.295000 -0.957001
v 0.290200 0.295000 -0.957001
v 0.290200 0.295000 -0.957001
v 0.290200 0.280600 -0.957001
v 0.290200 0.280600 -0.957001
v 0.290200 0.266400 -0.957001
v 0.290200 0.266400 -0.957001
v 0.290200 0.266400 -0.957001
v 0.290200 0.266400 -0.957001
v 0.290200 0.295000 0.957000
v 0.290200 0.295000 0.957000
v 0.290200 0.295000 0.957000
v 0.290200 0.295000 0.957000
v 0.290200 0.280600 0.957000
v 0.290200 0.280600 0.957000
v 0.290200 0.266400 0.957000
v 0.290200 0.266400 0.957000
v 0.290200 0.266400 0.957000
v 0.290200 0.266400 0.957000
v 0.285000 0.519600 -0.688001
v 0.285000 0.519600 -0.688001
v 0.285000 0.519600 -0.688001
v 0.285000 0.519600 -0.688001
v 0.285000 0.519600 -0.688001
v 0.285000 0.519600 -0.688001
v 0.285000 0.519600 -0.688001
v 0.285000 0.519600 -0.688001
v 0.285000 0.519600 -0.688001
v 0.285000 0.519600 -0.688001
v 0.285000 0.519600 -0.688001
v 0.285000 0.519600 0.688000
v 0.285000 0.519600 0.688000
v 0.285000 0.519600 0.688000
v 0.285000 0.519600 0.688000
v 0.285000 0.519600 0.688000
v 0.285000 0.519600 0.688000
v 0.285000 0.519600 0.688000
v 0.285000 0.519600 0.688000
v 0.285000 0.519600 0.688000
v 0.285000 0.519600 0.688000
v 0.285000 0.519600 0.688000
v 0.194999 0.290800 -0.980801
v 0.194999 0.290800 -0.980801
v 0.194999 0.290800 -0.980801
v 0.194999 0.290800 -0.980801
v 0.194999 0.280800 -0.980801
v 0.194999 0.280800 -0.980801
v 0.194999 0.270600 -0.980801
v 0.194999 0.270600 -0.980801
v 0.194999 0.270600 -0.980801
v 0.194999 0.270600 -0.980801
v 0.194999 0.290800 0.980800
v 0.194999 0.290800 0.980800
v 0.194999 0.290800 0.980800
v 0.194999 0.290800 0.980800
v 0.194999 0.280800 0.980800
v 0.194999 0.280800 0.980800
v 0.194999 0.270600 0.980800
v 0.194999 0.270600 0.980800
v 0.194999 0.270600 0.980800
v 0.194999 0.270600 0.980800
v 0.180000 -0.446400 -0.074600
v 0.180000 -0.446400 -0.074600
v 0.180000 -0.446400 -0.074600
v 0.180000 -0.446400 -0.074600
v 0.180000 -0.446400 -0.074600
v 0.180000 -0.446400 -0.074600
v 0.180000 -0.446400 -0.074600
v 0.180000 -0.446400 -0.074600
v 0.180000 -0.446400 -0.074600
v 0.180000 -0.446400 -0.074600
v 0.180000 -0.446400 0.074599
v 0.180000 -0.446400 0.074599
v 0.180000 -0.446400 0.074599
v 0.180000 -0.446400 0.074599
v 0.180000 -0.446400 0.074599
v 0.180000 -0.446400 0.074599
v 0.180000 -0.446400 0.074599
v 0.180000 -0.446400 0.074599
v 0.180000 -0.446400 0.074599
v 0.180000 -0.446400 0.074599
v 0.098000 0.295000 -0.995200
v 0.098000 0.295000 -0.995200
v 0.098000 0.295000 -0.995200
v 0.098000 0.295000 -0.995200
v 0.098000 0.280600 -0.995200
v 0.098000 0.280600 -0.995200
v 0.098000 0.266400 -0.995200
v 0.098000 0.266400 -0.995200
v 0.098000 0.266400 -0.995200
v 0.098000 0.266400 -0.995200
v 0.098000 0.295000 0.995199
v 0.098000 0.295000 0.995199
v 0.098000 0.295000 0.995199
v 0.098000 0.295000 0.995199
v 0.098000 0.280600 0.995199
v 0.098000 0.280600 0.995199
v 0.098000 0.266400 0.995199
v 0.098000 0.266400 0.995199
v 0.098000 0.266400 0.995199
v 0.098000 0.266400 0.995199
v 0.074600 -0.446400 -0.180000
v 0.074600 -0.446400 -0.180000
v 0.074600 -0.446400 -0.180000
v 0.074600 -0.446400 -0.180000
v 0.074600 -0.446400 -0.180000
v 0.074600 -0.446400 -0.180000
v 0.074600 -0.446400 -0.180000
v 0.074600 -0.446400 -0.180000
v 0.074600 -0.446400 -0.180000
v 0.074600 -0.446400 -0.180000
v 0.074600 -0.446400 0.179999
v 0.074600 -0.446400 0.179999
v 0.074600 -0.446400 0.179999
v 0.074600 -0.446400 0.179999
v 0.074600 -0.446400 0.179999
v 0.074600 -0.446400 0.179999
v 0.074600 -0.446400 0.179999
v 0.074600 -0.446400 0.179999
v 0.074600 -0.446400 0.179999
v 0.074600 -0.446400 0.179999
v -0.000000 0.307200 -1.000000
v -0.000000 0.307200 -1.000000
v -0.000000 0.307200 -1.000000
v -0.000000 0.307200 -1.000000
v -0.000000 0.307200 -1.000000
v -0.000000 0.280400 -1.000000
v 1.000000 0.307200 -0.000000
v -0.000000 0.253600 -1.000000
v -0.000000 0.253600 -1.000000
v -0.000000 0.253600 -1.000000
v -0.000000 0.253600 -1.000000
v -0.000000 0.253600 -1.000000
v -0.000000 0.600000 -0.570001
v -0.000000 0.600000 -0.570001
v -0.000000 0.600000 -0.570001
v -0.000000 0.600000 -0.570001
v 1.000000 0.307200 -0.000000
v -0.000000 -0.600000 -0.000000
v -0.000000 -0.600000 -0.000000
v -0.000000 -0.600000 -0.000000
v -0.000000 -0.600000 -0.000000
v -0.000000 -0.600000 -0.000000
v -0.000000 -0.600000 -0.000000
v -0.000000 -0.600000 -0.000000
v 1.000000 0.307200 -0.000000
v -0.000000 0.600000 0.570000
v -0.000000 0.600000 0.570000
v -0.000000 0.600000 0.570000
v -0.000000 0.600000 0.570000
v -0.000000 0.307200 1.000000
v -0.000000 0.307200 1.000000
v -0.000000 0.307200 1.000000
v -0.000000 0.307200 1.000000
v -0.000000 0.307200 1.000000
v -0.000000 0.280400 1.000000
v -0.000000 0.280400 1.000000
v -0.000000 0.253600 1.000000
v -0.000000 0.253600 1.000000
v -0.000000 0.253600 1.000000
v -0.000000 0.253600 1.000000
v -0.000000 0.253600 1.000000
v -0.074601 -0.446400 -0.180000
v -0.074601 -0.446400 -0.180000
v -0.074601 -0.446400 -0.180000
v -0.074601 -0.446400 -0.180000
v -0.074601 -0.446400 -0.180000
v -0.074601 -0.446400 -0.180000
v -0.074601 -0.446400 -0.180000
v -0.074601 -0.446400 -0.180000
v -0.074601 -0.446400 -0.180000
v -0.074601 -0.446400 -0.180000
v -0.074601 -0.446400 0.179999
v -0.074601 -0.446400 0.179999
v -0.074601 -0.446400 0.179999
v -0.074601 -0.446400 0.179999
v -0.074601 -0.446400 0.179999
v -0.074601 -0.446400 0.179999
v -0.074601 -0.446400 0.179999
v -0.074601 -0.446400 0.179999
v -0.074601 -0.446400 0.179999
v -0.074601 -0.446400 0.179999
v -0.098000 0.295000 -0.995200
v -0.098000 0.295000 -0.995200
v -0.098000 0.295000 -0.995200
v -0.098000 0.295000 -0.995200
v -0.098000 0.280600 -0.995200
v -0.098000 0.280600 -0.995200
v -0.098000 0.266400 -0.995200
v -0.098000 0.266400 -0.995200
v -0.098000 0.266400 -0.995200
v -0.098000 0.266400 -0.995200
v -0.098000 0.295000 0.995199
v -0.098000 0.295000 0.995199
v -0.098000 0.295000 0.995199
v -0.098000 0.295000 0.995199
v -0.098000 0.280600 0.995199
v -0.098000 0.280600 0.995199
v -0.098000 0.266400 0.995199
v -0.098000 0.266400 0.995199
v -0.098000 0.266400 0.995199
v -0.098000 0.266400 0.995199
v -0.180001 -0.446400 -0.074600
v -0.180001 -0.446400 -0.074600
v -0.180001 -0.446400 -0.074600
v -0.180001 -0.446400 -0.074600
v -0.180001 -0.446400 -0.074600
v -0.180001 -0.446400 -0.074600
v -0.180001 -0.446400 -0.074600
v -0.180001 -0.446400 -0.074600
v -0.180001 -0.446400 -0.074600
v -0.180001 -0.446400 -0.074600
v -0.180001 -0.446400 0.074599
v -0.180001 -0.446400 0.074599
v -0.180001 -0.446400 0.074599
v -0.180001 -0.446400 0.074599
v -0.180001 -0.446400 0.074599
v -0.180001 -0.446400 0.074599
v -0.180001 -0.446400 0.074599
v -0.180001 -0.446400 0.074599
v -0.180001 -0.446400 0.074599
v -0.180001 -0.446400 0.074599
v -0.195000 0.290800 -0.980801
v -0.195000 0.290800 -0.980801
v -0.195000 0.290800 -0.980801
v -0.195000 0.290800 -0.980801
v -0.195000 0.280800 -0.980801
v -0.195000 0.280800 -0.980801
v -0.195000 0.270600 -0.980801
v -0.195000 0.270600 -0.980801
v -0.195000 0.270600 -0.980801
v -0.195000 0.270600 -0.980801
v -0.195000 0.290800 0.980800
v -0.195000 0.290800 0.980800
v -0.195000 0.290800 0.980800
v -0.195000 0.290800 0.980800
v -0.195000 0.280800 0.980800
v -0.195000 0.280800 0.980800
v -0.195000 0.270600 0.980800
v -0.195000 0.270600 0.980800
v -0.195000 0.270600 0.980800
v -0.195000 0.270600 0.980800
v -0.285001 0.519600 -0.688001
v -0.285001 0.519600 -0.688001
v -0.285001 0.519600 -0.688001
v -0.285001 0.519600 -0.688001
v -0.285001 0.519600 -0.688001
v -0.285001 0.519600 -0.688001
v -0.285001 0.519600 -0.688001
v -0.285001 0.519600 -0.688001
v -0.285001 0.519600 -0.688001
v -0.285001 0.519600 -0.688001
v -0.285001 0.519600 -0.688001
v -0.285001 0.519600 0.688000
v -0.285001 0.519600 0.688000
v -0.285001 0.519600 0.688000
v -0.285001 0.519600 0.688000
v -0.285001 0.519600 0.688000
v -0.285001 0.519600 0.688000
v -0.285001 0.519600 0.688000
v -0.285001 0.519600 0.688000
v -0.285001 0.519600 0.688000
v -0.285001 0.519600 0.688000
v -0.285001 0.519600 0.688000
v -0.290201 0.295000 -0.957001
v -0.290201 0.295000 -0.957001
v -0.290201 0.295000 -0.957001
v -0.290201 0.295000 -0.957001
v -0.290201 0.280600 -0.957001
v -0.290201 0.280600 -0.957001
v -0.290201 0.266400 -0.957001
v -0.290201 0.266400 -0.957001
v -0.290201 0.266400 -0.957001
v -0.290201 0.266400 -0.957001
v -0.290201 0.295000 0.957000
v -0.290201 0.295000 0.957000
v -0.290201 0.295000 0.957000
v -0.290201 0.295000 0.957000
v -0.290201 0.280600 0.957000
v -0.290201 0.280600 0.957000
v -0.290201 0.266400 0.957000
v -0.290201 0.266400 0.957000
v -0.290201 0.266400 0.957000
v -0.290201 0.266400 0.957000
v -0.382601 0.307200 -0.923800
v -0.382601 0.307200 -0.923800
v -0.382601 0.307200 -0.923800
v -0.382601 0.307200 -0.923800
v -0.382601 0.280400 -0.923800
v -0.382601 0.280400 -0.923800
v -0.382601 0.253600 -0.923800
v -0.382601 0.253600 -0.923800
v -0.382601 0.253600 -0.923800
v -0.382601 0.253600 -0.923800
v -0.382601 0.307200 0.923800
v -0.382601 0.307200 0.923800
v -0.382601 0.307200 0.923800
v -0.382601 0.307200 0.923800
v -0.382601 0.280400 0.923800
v -0.382601 0.280400 0.923800
v -0.382601 0.253600 0.923800
v -0.382601 0.253600 0.923800
v -0.382601 0.253600 0.923800
v -0.382601 0.253600 0.923800
v -0.403000 0.600000 -0.403001
v -0.403000 0.600000 -0.403001
v -0.403000 0.600000 -0.403001
v -0.403000 0.600000 -0.403001
v -0.403000 0.600000 0.403000
v -0.403000 0.600000 0.403000
v -0.403000 0.600000 0.403000
v -0.403000 0.600000 0.403000
v -0.471401 0.295000 -0.882000
v -0.471401 0.295000 -0.882000
v -0.471401 0.295000 -0.882000
v -0.471401 0.295000 -0.882000
v -0.471401 0.280600 -0.882000
v -0.471401 0.280600 -0.882000
v -0.471401 0.266400 -0.882000
v -0.471401 0.266400 -0.882000
v -0.471401 0.266400 -0.882000
v -0.471401 0.266400 -0.882000
v -0.471401 0.295000 0.882000
v -0.471401 0.295000 0.882000
v -0.471401 0.295000 0.882000
v -0.471401 0.295000 0.882000
v -0.471401 0.280600 0.882000
v -0.471401 0.280600 0.882000
v -0.471401 0.266400 0.882000
v -0.471401 0.266400 0.882000
v -0.471401 0.266400 0.882000
v -0.471401 0.266400 0.882000
v -0.555600 0.290800 -0.831400
v -0.555600 0.290800 -0.831400
v -0.555600 0.290800 -0.831400
v -0.555600 0.290800 -0.831400
v -0.555600 0.280800 -0.831400
v -0.555600 0.280800 -0.831400
v -0.555600 0.270600 -0.831400
v -0.555600 0.270600 -0.831400
v -0.555600 0.270600 -0.831400
v -0.555600 0.270600 -0.831400
v -0.555600 0.290800 0.831400
v -0.555600 0.290800 0.831400
v -0.555600 0.290800 0.831400
v -0.555600 0.290800 0.831400
v -0.555600 0.280800 0.831400
v -0.555600 0.280800 0.831400
v -0.555600 0.270600 0.831400
v -0.555600 0.270600 0.831400
v -0.555600 0.270600 0.831400
v -0.555600 0.270600 0.831400
v -0.570000 0.600000 -0.000000
v -0.570000 0.600000 -0.000000
v -0.570000 0.600000 -0.000000
v -0.570000 0.600000 -0.000000
v -0.634400 0.295000 -0.773001
v -0.634400 0.295000 -0.773001
v -0.634400 0.295000 -0.773001
v -0.634400 0.295000 -0.773001
v -0.634400 0.280600 -0.773001
v -0.634400 0.280600 -0.773001
v -0.634400 0.266400 -0.773001
v -0.634400 0.266400 -0.773001
v -0.634400 0.266400 -0.773001
v -0.634400 0.266400 -0.773001
v -0.634400 0.295000 0.773000
v -0.634400 0.295000 0.773000
v -0.634400 0.295000 0.773000
v -0.634400 0.295000 0.773000
v -0.634400 0.280600 0.773000
v -0.634400 0.280600 0.773000
v -0.634400 0.266400 0.773000
v -0.634400 0.266400 0.773000
v -0.634400 0.266400 0.773000
v -0.634400 0.266400 0.773000
v -0.688000 0.519600 -0.285001
v -0.688000 0.519600 -0.285001
v -0.688000 0.519600 -0.285001
v -0.688000 0.519600 -0.285001
v -0.688000 0.519600 -0.285001
v -0.688000 0.519600 -0.285001
v -0.688000 0.519600 -0.285001
v -0.688000 0.519600 -0.285001
v -0.688000 0.519600 -0.285001
v -0.688000 0.519600 -0.285001
v -0.688000 0.519600 -0.285001
v -0.688000 0.519600 0.285000
v -0.688000 0.519600 0.285000
v -0.688000 0.519600 0.285000
v -0.688000 0.519600 0.285000
v -0.688000 0.519600 0.285000
v -0.688000 0.519600 0.285000
v -0.688000 0.519600 0.285000
v -0.688000 0.519600 0.285000
v -0.688000 0.519600 0.285000
v -0.688000 0.519600 0.285000
v -0.688000 0.519600 0.285000
v -0.707200 0.307200 -0.707200
v -0.707200 0.307200 -0.707200
v -0.707200 0.307200 -0.707200
v -0.707200 0.307200 -0.707200
v -0.707200 0.307200 -0.707200
v -0.707200 0.280400 -0.707200
v -0.707200 0.280400 -0.707200
v -0.707200 0.253600 -0.707200
v -0.707200 0.253600 -0.707200
v -0.707200 0.253600 -0.707200
v -0.707200 0.253600 -0.707200
v -0.707200 0.253600 -0.707200
v -0.707200 0.307200 0.707199
v -0.707200 0.307200 0.707199
v -0.707200 0.307200 0.707199
v -0.707200 0.307200 0.707199
v -0.707200 0.307200 0.707199
v -0.707200 0.280400 0.707199
v -0.707200 0.280400 0.707199
v -0.707200 0.253600 0.707199
v -0.707200 0.253600 0.707199
v -0.707200 0.253600 0.707199
v -0.707200 0.253600 0.707199
v -0.707200 0.253600 0.707199
v -0.773000 0.295000 -0.634400
v -0.773000 0.295000 -0.634400
v -0.773000 0.295000 -0.634400
v -0.773000 0.295000 -0.634400
v -0.773000 0.280600 -0.634400
v -0.773000 0.280600 -0.634400
v -0.773000 0.266400 -0.634400
v -0.773000 0.266400 -0.634400
v -0.773000 0.266400 -0.634400
v -0.773000 0.266400 -0.634400
v -0.773000 0.295000 0.634399
v -0.773000 0.295000 0.634399
v -0.773000 0.295000 0.634399
v -0.773000 0.295000 0.634399
v -0.773000 0.280600 0.634399
v -0.773000 0.280600 0.634399
v -0.773000 0.266400 0.634399
v -0.773000 0.266400 0.634399
v -0.773000 0.266400 0.634399
v -0.773000 0.266400 0.634399
v -0.831400 0.290800 -0.555600
v -0.831400 0.290800 -0.555600
v -0.831400 0.290800 -0.555600
v -0.831400 0.290800 -0.555600
v -0.831400 0.280800 -0.555600
v -0.831400 0.280800 -0.555600
v -0.831400 0.270600 -0.555600
v -0.831400 0.270600 -0.555600
v -0.831400 0.270600 -0.555600
v -0.831400 0.270600 -0.555600
v -0.831400 0.290800 0.555599
v -0.831400 0.290800 0.555599
v -0.831400 0.290800 0.555599
v -0.831400 0.290800 0.555599
v -0.831400 0.280800 0.555599
v -0.831400 0.280800 0.555599
v -0.831400 0.270600 0.555599
v -0.831400 0.270600 0.555599
v -0.831400 0.270600 0.555599
v -0.831400 0.270600 0.555599
v -0.882000 0.295000 -0.471400
v -0.882000 0.295000 -0.471400
v -0.882000 0.295000 -0.471400
v -0.882000 0.295000 -0.471400
v -0.882000 0.280600 -0.471400
v -0.882000 0.280600 -0.471400
v -0.882000 0.266400 -0.471400
v -0.882000 0.266400 -0.471400
v -0.882000 0.266400 -0.471400
v -0.882000 0.266400 -0.471400
v -0.882000 0.295000 0.471399
v -0.882000 0.295000 0.471399
v -0.882000 0.295000 0.471399
v -0.882000 0.295000 0.471399
v -0.882000 0.280600 0.471399
v -0.882000 0.280600 0.471399
v -0.882000 0.266400 0.471399
v -0.882000 0.266400 0.471399
v -0.882000 0.266400 0.471399
v -0.882000 0.266400 0.471399
v -0.923800 0.307200 -0.382601
v -0.923800 0.307200 -0.382601
v -0.923800 0.307200 -0.382601
v -0.923800 0.307200 -0.382601
v -0.923800 0.280400 -0.382601
v -0.923800 0.280400 -0.382601
v -0.923800 0.253600 -0.382601
v -0.923800 0.253600 -0.382601
v -0.923800 0.253600 -0.382601
v -0.923800 0.253600 -0.382601
v -0.923800 0.307200 0.382600
v -0.923800 0.307200 0.382600
v -0.923800 0.307200 0.382600
v -0.923800 0.307200 0.382600
v -0.923800 0.280400 0.382600
v -0.923800 0.280400 0.382600
v -0.923800 0.253600 0.382600
v -0.923800 0.253600 0.382600
v -0.923800 0.253600 0.382600
v -0.923800 0.253600 0.382600
v -0.957000 0.295000 -0.290200
v -0.957000 0.295000 -0.290200
v -0.957000 0.295000 -0.290200
v -0.957000 0.295000 -0.290200
v -0.957000 0.280600 -0.290200
v -0.957000 0.280600 -0.290200
v -0.957000 0.266400 -0.290200
v -0.957000 0.266400 -0.290200
v -0.957000 0.266400 -0.290200
v -0.957000 0.266400 -0.290200
v -0.957000 0.295000 0.290199
v -0.957000 0.295000 0.290199
v -0.957000 0.295000 0.290199
v -0.957000 0.295000 0.290199
v -0.957000 0.280600 0.290199
v -0.957000 0.280600 0.290199
v -0.957000 0.266400 0.290199
v -0.957000 0.266400 0.290199
v -0.957000 0.266400 0.290199
v -0.957000 0.266400 0.290199
v -0.980800 0.290800 -0.195001
v -0.980800 0.290800 -0.195001
v -0.980800 0.290800 -0.195001
v -0.980800 0.290800 -0.195001
v -0.980800 0.280800 -0.195001
v -0.980800 0.280800 -0.195001
v -0.980800 0.270600 -0.195001
v -0.980800 0.270600 -0.195001
v -0.980800 0.270600 -0.195001
v -0.980800 0.270600 -0.195001
v -0.980800 0.290800 0.195000
v -0.980800 0.290800 0.195000
v -0.980800 0.290800 0.195000
v -0.980800 0.290800 0.195000
v -0.980800 0.280800 0.195000
v -0.980800 0.280800 0.195000
v -0.980800 0.270600 0.195000
v -0.980800 0.270600 0.195000
v -0.980800 0.270600 0.195000
v -0.980800 0.270600 0.195000
v -0.995200 0.295000 -0.098001
v -0.995200 0.295000 -0.098001
v -0.995200 0.295000 -0.098001
v -0.995200 0.295000 -0.098001
v -0.995200 0.280600 -0.098001
v -0.995200 0.280600 -0.098001
v -0.995200 0.266400 -0.098001
v -0.995200 0.266400 -0.098001
v -0.995200 0.266400 -0.098001
v -0.995200 0.266400 -0.098001
v -0.995200 0.295000 0.098000
v -0.995200 0.295000 0.098000
v -0.995200 0.295000 0.098000
v -0.995200 0.295000 0.098000
v -0.995200 0.280600 0.098000
v -0.995200 0.280600 0.098000
v -0.995200 0.266400 0.098000
v -0.995200 0.266400 0.098000
v -0.995200 0.266400 0.098000
v -0.995200 0.266400 0.098000
v -1.000000 0.307200 -0.000000
v -1.000000 0.307200 -0.000000
v -1.000000 0.307200 -0.000000
v -1.000000 0.307200 -0.000000
v -1.000000 0.307200 -0.000000
v -1.000000 0.280400 -0.000000
v -1.000000 0.280400 -0.000000
v -1.000000 0.253600 -0.000000
v -1.000000 0.253600 -0.000000
v -1.000000 0.253600 -0.000000
v -1.000000 0.253600 -0.000000
v -1.000000 0.253600 -0.000000
v -0.000000 0.600000 -0.000000
v -0.000000 0.600000 -0.000000
v 0.569999 0.600000 -0.000000
v -0.000000 0.600000 -0.000000
v 1.000000 0.280400 -0.000000
f 1436 1465 1535 1590
f 1712 1600 1708 1813
f 1703 1762 1966 1731
f 1701 1722 1690 1670
f 1699 1661 1431 1630
f 1698 1625 1280 1635
f 1700 1640 1443 1671
f 1702 1680 1719 1732
f 1704 1741 1978 1772
f 1270 1777 2129 1767
f 1695 1864 1912 2134
f 1490 1534 1695 2135
f 1707 1538 2136 2137
f 1707 1269 1912 1868
f 1273 1449 1487 1460
f 1424 1579 1531 1454
f 1683 1802 1694 1589
f 1959 1937 1867 1812
f 2122 1953 1915 1942
f 1948 1971 1823 1871
f 1297 1277 2138 1295
f 1317 1298 1296 1315
f 1337 1318 1316 1335
f 1357 1338 1336 1355
f 1377 1358 1356 1375
f 1397 1378 1376 1395
f 1417 1398 1396 1415
f 1440 1418 1416 1438
f 1483 1441 1439 1481
f 1507 1484 1482 1505
f 1527 1508 1506 1525
f 1555 1528 1526 1553
f 1575 1557 1554 1573
f 1617 1576 1574 1615
f 1657 1618 1616 1655
f 1718 1660 1656 1715
f 1758 1720 1716 1756
f 1800 1761 1757 1796
f 1842 1801 1797 1838
f 1861 1843 1839 1858
f 1890 1863 1859 1886
f 1910 1891 1887 1906
f 1934 1911 1907 1930
f 1980 1935 1931 1975
f 2000 1981 1976 1996
f 2020 2001 1997 2016
f 2040 2021 2017 2036
f 2060 2041 2037 2056
f 2080 2061 2057 2076
f 2100 2081 2077 2096
f 2120 2101 2097 2116
f 2133 2121 2117 2128
f 2111 2132 2127 2107
f 2091 2110 2106 2087
f 2071 2090 2086 2067
f 2051 2070 2066 2047
f 2031 2050 2046 2027
f 2011 2030 2026 2007
f 1991 2010 2006 1987
f 1969 1990 1986 1964
f 1925 1968 1963 1921
f 1901 1924 1920 1897
f 1881 1900 1896 1877
f 1853 1880 1876 1849
f 1833 1851 1848 1829
f 1791 1832 1828 1787
f 1751 1790 1786 1747
f 1691 1748 1746 1272
f 1650 1689 1686 1646
f 1608 1647 1645 1606
f 1566 1607 1605 1564
f 1547 1565 1563 1544
f 1518 1545 1543 1516
f 1498 1517 1515 1496
f 1474 1497 1495 1472
f 1429 1473 1471 1427
f 1408 1428 1426 1406
f 1388 1407 1405 1386
f 1368 1387 1385 1366
f 1348 1367 1365 1346
f 1328 1347 1345 1326
f 1308 1327 1325 1306
f 1288 1307 1305 1286
f 1276 1287 1285 1271
f 1295 1275 1705 1291
f 1315 1296 1292 1311
f 1335 1316 1312 1331
f 1355 1336 1332 1351
f 1375 1356 1352 1371
f 1395 1376 1372 1391
f 1415 1396 1392 1411
f 1438 1416 1412 1433
f 1481 1439 1434 1477
f 1505 1482 1478 1501
f 1525 1506 1502 1521
f 1553 1526 1522 1549
f 1573 1554 1551 1569
f 1615 1574 1570 1611
f 1655 1616 1612 1651
f 1715 1656 1654 1711
f 1756 1716 1713 1752
f 1796 1757 1755 1794
f 1838 1797 1795 1836
f 1858 1839 1837 1855
f 1886 1859 1857 1884
f 1906 1887 1885 1904
f 1930 1907 1905 1928
f 1975 1931 1929 1973
f 1996 1976 1974 1994
f 2016 1997 1995 2014
f 2036 2017 2015 2034
f 2056 2037 2035 2054
f 2076 2057 2055 2074
f 2096 2077 2075 2094
f 2116 2097 2095 2114
f 2128 2117 2115 2126
f 2053 1954 2072
f 1455 1532 1488
f 1584 1693 1533
f 1807 1865 1696
f 1936 1913 1866
f 1947 1870 1914
f 1818 1709 1869
f 1595 1537 1706
f 1466 1489 1536
f 1343 1448 1324
f 1304 1323 1446
f 1303 1445 1283
f 1274 1284 1447
f 1383 1403 1450
f 1423 1452 1404
f 1344 1363 1451
f 1384 1453 1364
f 1540 1583 1514
f 1493 1513 1580
f 1494 1582 1470
f 1425 1469 1581
f 1603 1642 1585
f 1681 1587 1643
f 1542 1561 1586
f 1604 1588 1562
f 1844 1805 1825
f 1782 1824 1803
f 1783 1806 1744
f 1685 1743 1804
f 1892 1916 1809
f 1958 1810 1917
f 1846 1872 1808
f 1893 1811 1873
f 2042 1940 2023
f 2002 2022 1938
f 2003 1941 1983
f 1960 1982 1939
f 2083 2103 1946
f 2123 1944 2102
f 2043 2062 1943
f 2082 1945 2063
f 2092 2073 1956
f 2093 1957 2113
f 2124 2112 1955
f 2013 1993 1952
f 1972 1950 1992
f 2052 2033 1951
f 2012 1949 2032
f 1856 1819 1882
f 1903 1883 1822
f 1902 1820 1926
f 1970 1927 1821
f 1793 1754 1817
f 1714 1815 1753
f 1854 1835 1816
f 1792 1814 1834
f 1552 1597 1571
f 1614 1572 1599
f 1613 1596 1652
f 1710 1653 1598
f 1504 1480 1593
f 1437 1592 1479
f 1550 1524 1594
f 1503 1591 1523
f 1354 1462 1373
f 1394 1374 1464
f 1393 1461 1413
f 1435 1414 1463
f 1313 1293 1456
f 1687 1458 1294
f 1353 1334 1459
f 1314 1457 1333
f 1309 1289 1621
f 1278 1622 1290
f 1349 1330 1624
f 1310 1623 1329
f 1350 1627 1369
f 1389 1370 1628
f 1390 1629 1410
f 1430 1409 1626
f 1499 1475 1662
f 1432 1665 1476
f 1546 1520 1664
f 1500 1663 1519
f 1548 1666 1567
f 1609 1568 1667
f 1610 1669 1649
f 1688 1648 1668
f 1788 1749 1723
f 1692 1724 1750
f 1850 1831 1726
f 1789 1725 1830
f 1852 1728 1878
f 1898 1879 1729
f 1899 1730 1923
f 1965 1922 1727
f 2008 1988 1763
f 1967 1766 1989
f 2048 2029 1765
f 2009 1764 2028
f 2049 1768 2068
f 2088 2069 1769
f 2089 1771 2109
f 2130 2108 1770
f 2099 2119 1781
f 2131 1780 2118
f 2059 2078 1778
f 2098 1779 2079
f 2058 1775 2039
f 2019 2038 1774
f 2018 1773 1998
f 1979 1999 1776
f 1909 1933 1740
f 1977 1737 1932
f 1862 1888 1738
f 1908 1739 1889
f 1860 1736 1841
f 1799 1840 1735
f 1798 1733 1759
f 1721 1760 1734
f 1620 1659 1679
f 1717 1678 1658
f 1558 1577 1676
f 1619 1677 1578
f 1556 1674 1530
f 1510 1529 1673
f 1509 1672 1485
f 1444 1486 1675
f 1400 1420 1639
f 1442 1636 1419
f 1360 1379 1637
f 1399 1638 1380
f 1359 1634 1340
f 1320 1339 1633
f 1319 1631 1299
f 1279 1300 1632
f 1271 1285 1281 1697
f 1286 1305 1301 1282
f 1306 1325 1321 1302
f 1326 1345 1341 1322
f 1346 1365 1361 1342
f 1366 1385 1381 1362
f 1386 1405 1401 1382
f 1406 1426 1421 1402
f 1427 1471 1467 1422
f 1472 1495 1491 1468
f 1496 1515 1511 1492
f 1516 1543 1539 1512
f 1544 1563 1559 1541
f 1564 1605 1601 1560
f 1606 1645 1641 1602
f 1646 1686 1682 1644
f 1272 1746 1742 1684
f 1747 1786 1784 1745
f 1787 1828 1826 1785
f 1829 1848 1845 1827
f 1849 1876 1874 1847
f 1877 1896 1894 1875
f 1897 1920 1918 1895
f 1921 1963 1961 1919
f 1964 1986 1984 1962
f 1987 2006 2004 1985
f 2007 2026 2024 2005
f 2027 2046 2044 2025
f 2047 2066 2064 2045
f 2067 2086 2084 2065
f 2087 2106 2104 2085
f 2107 2127 2125 2105

o cut_06
v 0.000000 0.381300 -0.000000
v 0.000000 -0.381300 -0.000000
v 0.000000 0.195900 -1.000000
v -0.625000 0.195900 -0.000000
v 0.000000 0.206900 -1.000000
v 0.000000 0.206900 -1.000000
v 0.000000 0.206900 -1.000000
v 0.000000 0.206900 -1.000000
v 0.000000 0.195900 -1.000000
v 0.000000 0.160100 -1.000000
v 0.000000 0.160100 -1.000000
v 0.000000 0.160100 -1.000000
v 0.000000 0.160100 -1.000000
v 0.000000 0.160100 -1.000000
v -0.122000 0.195900 -0.980800
v -0.122000 0.195900 -0.980800
v -0.122000 0.195900 -0.980800
v -0.122000 0.170900 -0.980800
v -0.122000 0.170900 -0.980800
v -0.122000 0.170900 -0.980800
v 0.122000 0.195900 -0.980800
v 0.122000 0.195900 -0.980800
v 0.122000 0.195900 -0.980800
v 0.122000 0.170900 -0.980800
v 0.122000 0.170900 -0.980800
v 0.122000 0.170900 -0.980800
v -0.239200 0.206900 -0.923800
v -0.239200 0.206900 -0.923800
v -0.239200 0.206900 -0.923800
v -0.239200 0.206900 -0.923800
v -0.239200 0.206900 -0.923800
v -0.239200 0.206900 -0.923800
v -0.239200 0.195900 -0.923800
v -0.239200 0.195900 -0.923800
v -0.239200 0.160100 -0.923800
v -0.239200 0.160100 -0.923800
v -0.239200 0.160100 -0.923800
v -0.239200 0.160100 -0.923800
v 0.239200 0.206900 -0.923800
v 0.239200 0.206900 -0.923800
v 0.239200 0.206900 -0.923800
v 0.239200 0.206900 -0.923800
v 0.239200 0.206900 -0.923800
v 0.239200 0.206900 -0.923800
v 0.239200 0.195900 -0.923800
v 0.239200 0.195900 -0.923800
v 0.239200 0.160100 -0.923800
v 0.239200 0.160100 -0.923800
v 0.239200 0.160100 -0.923800
v 0.239200 0.160100 -0.923800
v -0.347200 0.195900 -0.831400
v -0.347200 0.195900 -0.831400
v -0.347200 0.195900 -0.831400
v -0.347200 0.170900 -0.831400
v -0.347200 0.170900 -0.831400
v -0.347200 0.170900 -0.831400
v 0.347201 0.195900 -0.831400
v 0.347201 0.195900 -0.831400
v 0.347201 0.195900 -0.831400
v 0.347201 0.170900 -0.831400
v 0.347201 0.170900 -0.831400
v 0.347201 0.170900 -0.831400
v -0.187600 0.327100 -0.724200
v -0.187600 0.327100 -0.724200
v -0.187600 0.327100 -0.724200
v -0.187600 0.327100 -0.724200
v -0.187600 0.327100 -0.724200
v 0.187600 0.327100 -0.724200
v 0.187600 0.327100 -0.724200
v 0.187600 0.327100 -0.724200
v 0.187600 0.327100 -0.724200
v 0.187600 0.327100 -0.724200
v -0.442000 0.206900 -0.707200
v -0.442000 0.206900 -0.707200
v -0.442000 0.206900 -0.707200
v -0.442000 0.206900 -0.707200
v -0.442000 0.206900 -0.707200
v -0.442000 0.206900 -0.707200
v -0.442000 0.206900 -0.707200
v -0.442000 0.195900 -0.707200
v -0.442000 0.195900 -0.707200
v -0.442000 0.160100 -0.707200
v -0.442000 0.160100 -0.707200
v -0.442000 0.160100 -0.707200
v -0.442000 0.160100 -0.707200
v -0.442000 0.160100 -0.707200
v 0.442001 0.206900 -0.707200
v 0.442001 0.206900 -0.707200
v 0.442001 0.206900 -0.707200
v 0.442001 0.206900 -0.707200
v 0.442001 0.206900 -0.707200
v 0.442001 0.206900 -0.707200
v 0.442001 0.206900 -0.707200
v 0.442001 0.195900 -0.707200
v 0.442001 0.195900 -0.707200
v 0.442001 0.160100 -0.707200
v 0.442001 0.160100 -0.707200
v 0.442001 0.160100 -0.707200
v 0.442001 0.160100 -0.707200
v 0.442001 0.160100 -0.707200
v 0.000000 0.381300 -0.600000
v 0.000000 0.381300 -0.600000
v 0.000000 0.381300 -0.600000
v 0.000000 0.381300 -0.600000
v -0.519600 0.195900 -0.555600
v -0.519600 0.195900 -0.555600
v -0.519600 0.195900 -0.555600
v -0.519600 0.170900 -0.555600
v -0.519600 0.170900 -0.555600
v -0.519600 0.170900 -0.555600
v 0.519600 0.195900 -0.555600
v 0.519600 0.195900 -0.555600
v 0.519600 0.195900 -0.555600
v 0.519600 0.170900 -0.555600
v 0.519600 0.170900 -0.555600
v 0.519600 0.170900 -0.555600
v -0.265200 0.381300 -0.424200
v -0.265200 0.381300 -0.424200
v -0.265200 0.381300 -0.424200
v -0.265200 0.381300 -0.424200
v 0.265200 0.381300 -0.424200
v 0.265200 0.381300 -0.424200
v 0.265200 0.381300 -0.424200
v 0.265200 0.381300 -0.424200
v -0.577400 0.206900 -0.382600
v -0.577400 0.206900 -0.382600
v -0.577400 0.206900 -0.382600
v -0.577400 0.206900 -0.382600
v -0.577400 0.206900 -0.382600
v -0.577400 0.206900 -0.382600
v -0.577400 0.195900 -0.382600
v -0.577400 0.195900 -0.382600
v -0.577400 0.160100 -0.382600
v -0.577400 0.160100 -0.382600
v -0.577400 0.160100 -0.382600
v -0.577400 0.160100 -0.382600
v 0.577400 0.206900 -0.382600
v 0.577400 0.206900 -0.382600
v 0.577400 0.206900 -0.382600
v 0.577400 0.206900 -0.382600
v 0.577400 0.206900 -0.382600
v 0.577400 0.206900 -0.382600
v 0.577400 0.195900 -0.382600
v 0.577400 0.195900 -0.382600
v 0.577400 0.160100 -0.382600
v 0.577400 0.160100 -0.382600
v 0.577400 0.160100 -0.382600
v 0.577400 0.160100 -0.382600
v -0.452600 0.327100 -0.300000
v -0.452600 0.327100 -0.300000
v -0.452600 0.327100 -0.300000
v -0.452600 0.327100 -0.300000
v -0.452600 0.327100 -0.300000
v 0.452600 0.327100 -0.300000
v 0.452600 0.327100 -0.300000
v 0.452600 0.327100 -0.300000
v 0.452600 0.327100 -0.300000
v 0.452600 0.327100 -0.300000
v -0.064800 -0.245900 -0.250000
v -0.064800 -0.245900 -0.250000
v -0.064800 -0.245900 -0.250000
v -0.064800 -0.245900 -0.250000
v 0.064800 -0.245900 -0.250000
v 0.064800 -0.245900 -0.250000
v 0.064800 -0.245900 -0.250000
v 0.064800 -0.245900 -0.250000
v -0.613000 0.195900 -0.195000
v -0.613000 0.195900 -0.195000
v -0.613000 0.195900 -0.195000
v -0.613000 0.170900 -0.195000
v -0.613000 0.170900 -0.195000
v -0.613000 0.170900 -0.195000
v 0.613000 0.195900 -0.195000
v 0.613000 0.195900 -0.195000
v 0.613000 0.195900 -0.195000
v 0.613000 0.170900 -0.195000
v 0.613000 0.170900 -0.195000
v 0.613000 0.170900 -0.195000
v -0.156200 -0.245900 -0.103600
v -0.156200 -0.245900 -0.103600
v -0.156200 -0.245900 -0.103600
v -0.156200 -0.245900 -0.103600
v 0.156201 -0.245900 -0.103600
v 0.156201 -0.245900 -0.103600
v 0.156201 -0.245900 -0.103600
v 0.156201 -0.245900 -0.103600
v -0.625000 0.206900 -0.000000
v -0.625000 0.206900 -0.000000
v -0.625000 0.206900 -0.000000
v -0.625000 0.206900 -0.000000
v -0.625000 0.206900 -0.000000
v -0.625000 0.206900 -0.000000
v -0.625000 0.206900 -0.000000
v 0.000000 0.206900 -1.000000
v -0.625000 0.195900 -0.000000
v -0.625000 0.160100 -0.000000
v -0.625000 0.160100 -0.000000
v -0.625000 0.160100 -0.000000
v -0.625000 0.160100 -0.000000
v -0.625000 0.160100 -0.000000
v -0.375000 0.381300 -0.000000
v -0.375000 0.381300 -0.000000
v -0.375000 0.381300 -0.000000
v -0.375000 0.381300 -0.000000
v 0.000000 0.206900 -1.000000
v 0.000000 -0.381300 -0.000000
v 0.000000 -0.381300 -0.000000
v 0.000000 -0.381300 -0.000000
v 0.000000 -0.381300 -0.000000
v 0.000000 -0.381300 -0.000000
v 0.000000 -0.381300 -0.000000
v 0.000000 -0.381300 -0.000000
v 0.000000 0.206900 -1.000000
v 0.375000 0.381300 -0.000000
v 0.375000 0.381300 -0.000000
v 0.375000 0.381300 -0.000000
v 0.375000 0.381300 -0.000000
v 0.625000 0.206900 -0.000000
v 0.625000 0.206900 -0.000000
v 0.625000 0.206900 -0.000000
v 0.625000 0.206900 -0.000000
v 0.625000 0.206900 -0.000000
v 0.625000 0.206900 -0.000000
v 0.625000 0.206900 -0.000000
v 0.625000 0.195900 -0.000000
v 0.625000 0.195900 -0.000000
v 0.625000 0.160100 -0.000000
v 0.625000 0.160100 -0.000000
v 0.625000 0.160100 -0.000000
v 0.625000 0.160100 -0.000000
v 0.625000 0.160100 -0.000000
v -0.156200 -0.245900 0.103600
v -0.156200 -0.245900 0.103600
v -0.156200 -0.245900 0.103600
v -0.156200 -0.245900 0.103600
v 0.156201 -0.245900 0.103600
v 0.156201 -0.245900 0.103600
v 0.156201 -0.245900 0.103600
v 0.156201 -0.245900 0.103600
v -0.613000 0.195900 0.195000
v -0.613000 0.195900 0.195000
v -0.613000 0.195900 0.195000
v -0.613000 0.170900 0.195000
v -0.613000 0.170900 0.195000
v -0.613000 0.170900 0.195000
v 0.613000 0.195900 0.195000
v 0.613000 0.195900 0.195000
v 0.613000 0.195900 0.195000
v 0.613000 0.170900 0.195000
v 0.613000 0.170900 0.195000
v 0.613000 0.170900 0.195000
v -0.064800 -0.245900 0.250000
v -0.064800 -0.245900 0.250000
v -0.064800 -0.245900 0.250000
v -0.064800 -0.245900 0.250000
v 0.064800 -0.245900 0.250000
v 0.064800 -0.245900 0.250000
v 0.064800 -0.245900 0.250000
v 0.064800 -0.245900 0.250000
v -0.452600 0.327100 0.300000
v -0.452600 0.327100 0.300000
v -0.452600 0.327100 0.300000
v -0.452600 0.327100 0.300000
v -0.452600 0.327100 0.300000
v 0.452600 0.327100 0.300000
v 0.452600 0.327100 0.300000
v 0.452600 0.327100 0.300000
v 0.452600 0.327100 0.300000
v 0.452600 0.327100 0.300000
v -0.577400 0.206900 0.382600
v -0.577400 0.206900 0.382600
v -0.577400 0.206900 0.382600
v -0.577400 0.206900 0.382600
v -0.577400 0.206900 0.382600
v -0.577400 0.206900 0.382600
v -0.577400 0.195900 0.382600
v -0.577400 0.195900 0.382600
v -0.577400 0.160100 0.382600
v -0.577400 0.160100 0.382600
v -0.577400 0.160100 0.382600
v -0.577400 0.160100 0.382600
v 0.577400 0.206900 0.382600
v 0.577400 0.206900 0.382600
v 0.577400 0.206900 0.382600
v 0.577400 0.206900 0.382600
v 0.577400 0.206900 0.382600
v 0.577400 0.206900 0.382600
v 0.577400 0.195900 0.382600
v 0.577400 0.195900 0.382600
v 0.577400 0.160100 0.382600
v 0.577400 0.160100 0.382600
v 0.577400 0.160100 0.382600
v 0.577400 0.160100 0.382600
v -0.265200 0.381300 0.424200
v -0.265200 0.381300 0.424200
v -0.265200 0.381300 0.424200
v -0.265200 0.381300 0.424200
v 0.265200 0.381300 0.424200
v 0.265200 0.381300 0.424200
v 0.265200 0.381300 0.424200
v 0.265200 0.381300 0.424200
v -0.519600 0.195900 0.555600
v -0.519600 0.195900 0.555600
v -0.519600 0.195900 0.555600
v -0.519600 0.170900 0.555600
v -0.519600 0.170900 0.555600
v -0.519600 0.170900 0.555600
v 0.519600 0.195900 0.555600
v 0.519600 0.195900 0.555600
v 0.519600 0.195900 0.555600
v 0.519600 0.170900 0.555600
v 0.519600 0.170900 0.555600
v 0.519600 0.170900 0.555600
v 0.000000 0.381300 0.600000
v 0.000000 0.381300 0.600000
v 0.000000 0.381300 0.600000
v 0.000000 0.381300 0.600000
v -0.442000 0.206900 0.707200
v -0.442000 0.206900 0.707200
v -0.442000 0.206900 0.707200
v -0.442000 0.206900 0.707200
v -0.442000 0.206900 0.707200
v -0.442000 0.206900 0.707200
v -0.442000 0.206900 0.707200
v -0.442000 0.195900 0.707200
v -0.442000 0.195900 0.707200
v -0.442000 0.160100 0.707200
v -0.442000 0.160100 0.707200
v -0.442000 0.160100 0.707200
v -0.442000 0.160100 0.707200
v -0.442000 0.160100 0.707200
v 0.442001 0.206900 0.707200
v 0.442001 0.206900 0.707200
v 0.442001 0.206900 0.707200
v 0.442001 0.206900 0.707200
v 0.442001 0.206900 0.707200
v 0.442001 0.206900 0.707200
v 0.442001 0.206900 0.707200
v 0.442001 0.195900 0.707200
v 0.442001 0.195900 0.707200
v 0.442001 0.160100 0.707200
v 0.442001 0.160100 0.707200
v 0.442001 0.160100 0.707200
v 0.442001 0.160100 0.707200
v 0.442001 0.160100 0.707200
v -0.187600 0.327100 0.724200
v -0.187600 0.327100 0.724200
v -0.187600 0.327100 0.724200
v -0.187600 0.327100 0.724200
v -0.187600 0.327100 0.724200
v 0.187600 0.327100 0.724200
v 0.187600 0.327100 0.724200
v 0.187600 0.327100 0.724200
v 0.187600 0.327100 0.724200
v 0.187600 0.327100 0.724200
v -0.347200 0.195900 0.831400
v -0.347200 0.195900 0.831400
v -0.347200 0.195900 0.831400
v -0.347200 0.170900 0.831400
v -0.347200 0.170900 0.831400
v -0.347200 0.170900 0.831400
v 0.347201 0.195900 0.831400
v 0.347201 0.195900 0.831400
v 0.347201 0.195900 0.831400
v 0.347201 0.170900 0.831400
v 0.347201 0.170900 0.831400
v 0.347201 0.170900 0.831400
v -0.239200 0.206900 0.923800
v -0.239200 0.206900 0.923800
v -0.239200 0.206900 0.923800
v -0.239200 0.206900 0.923800
v -0.239200 0.206900 0.923800
v -0.239200 0.206900 0.923800
v -0.239200 0.195900 0.923800
v -0.239200 0.195900 0.923800
v -0.239200 0.160100 0.923800
v -0.239200 0.160100 0.923800
v -0.239200 0.160100 0.923800
v -0.239200 0.160100 0.923800
v 0.239200 0.206900 0.923800
v 0.239200 0.206900 0.923800
v 0.239200 0.206900 0.923800
v 0.239200 0.206900 0.923800
v 0.239200 0.206900 0.923800
v 0.239200 0.206900 0.923800
v 0.239200 0.195900 0.923800
v 0.239200 0.195900 0.923800
v 0.239200 0.160100 0.923800
v 0.239200 0.160100 0.923800
v 0.239200 0.160100 0.923800
v 0.239200 0.160100 0.923800
v -0.122000 0.195900 0.980800
v -0.122000 0.195900 0.980800
v -0.122000 0.195900 0.980800
v -0.122000 0.170900 0.980800
v -0.122000 0.170900 0.980800
v -0.122000 0.170900 0.980800
v 0.122000 0.195900 0.980800
v 0.122000 0.195900 0.980800
v 0.122000 0.195900 0.980800
v 0.122000 0.170900 0.980800
v 0.122000 0.170900 0.980800
v 0.122000 0.170900 0.980800
v 0.000000 0.206900 1.000000
v 0.000000 0.206900 1.000000
v 0.000000 0.206900 1.000000
v 0.000000 0.206900 1.000000
v 0.000000 0.206900 1.000000
v 0.000000 0.206900 1.000000
v 0.000000 0.206900 1.000000
v 0.000000 0.195900 1.000000
v 0.000000 0.195900 1.000000
v 0.000000 0.160100 1.000000
v 0.000000 0.160100 1.000000
v 0.000000 0.160100 1.000000
v 0.000000 0.160100 1.000000
v 0.000000 0.160100 1.000000
v 0.000000 0.195900 -1.000000
v -0.265200 0.381300 -0.424200
v 0.000000 0.381300 -0.000000
v 0.000000 0.381300 -0.000000
v 0.000000 0.381300 -0.000000
f 2223 2300 2345 2317
f 2336 2320 2347 2370
f 2466 2373 2349 2390
f 2551 2392 2140 2396
f 2237 2321 2346 2304
f 2367 2374 2348 2324
f 2152 2302 2344 2298
f 2176 2299 2222 2194
f 2150 2297 2175 2158
f 2187 2301 2151 2164
f 2480 2394 2350 2377
f 2236 2303 2188 2200
f 2284 2322 2238 2254
f 2365 2323 2286 2315
f 2224 2318 2272 2248
f 2274 2319 2334 2309
f 2338 2371 2416 2382
f 2418 2372 2465 2443
f 2467 2391 2514 2497
f 2515 2393 2552 2533
f 2553 2397 2527 2539
f 2526 2395 2481 2503
f 2479 2376 2430 2449
f 2428 2375 2369 2388
f 2169 2191 2213
f 2170 2214 2203
f 2331 2379 2409
f 2330 2408 2399
f 2267 2306 2325
f 2268 2326 2290
f 2460 2494 2507
f 2459 2506 2486
f 2519 2500 2474
f 2518 2473 2491
f 2356 2312 2279
f 2357 2280 2295
f 2421 2385 2362
f 2420 2361 2404
f 2227 2197 2181
f 2228 2182 2208
f 2205 2256 2240
f 2289 2339 2257
f 2400 2433 2342
f 2484 2453 2434
f 2489 2438 2454
f 2405 2355 2437
f 2294 2261 2352
f 2210 2241 2260
f 2179 2161 2332
f 2180 2144 2206
f 2276 2251 2230
f 2277 2231 2293
f 2471 2446 2424
f 2470 2423 2406
f 2546 2536 2521
f 2544 2520 2493
f 2509 2530 2545
f 2508 2543 2488
f 2412 2440 2457
f 2411 2456 2401
f 2216 2245 2264
f 2217 2265 2288
f 2146 2155 2167
f 2143 2168 2201
f 2547 2532 2549
f 2548 2550 2538
f 2523 2537 2525
f 2522 2524 2502
f 2476 2501 2478
f 2475 2477 2448
f 2425 2447 2427
f 2422 2426 2386
f 2360 2384 2364
f 2358 2363 2313
f 2278 2311 2282
f 2275 2281 2250
f 2226 2249 2233
f 2225 2232 2196
f 2178 2195 2184
f 2177 2183 2160
f 2351 2159 2556
f 2343 2141 2153
f 2165 2154 2171
f 2166 2172 2189
f 2211 2190 2218
f 2212 2219 2243
f 2263 2244 2269
f 2266 2270 2305
f 2327 2307 2142
f 2329 2333 2378
f 2410 2380 2414
f 2413 2415 2441
f 2461 2442 2463
f 2462 2464 2495
f 2510 2496 2512
f 2511 2513 2531
f 2262 2242 2557 2558
f 2432 2452 2436 2559
f 2436 2353 2262 2560
f 2258 2341 2432 2139
f 2291 2328 2398 2340
f 2402 2458 2485 2435
f 2490 2472 2407 2439
f 2403 2359 2296 2354
f 2292 2229 2209 2259
f 2207 2145 2202 2239
f 2204 2215 2287 2255
f 2487 2542 2492 2455
f 2174 2192 2189 2172
f 2193 2220 2218 2190
f 2221 2246 2243 2219
f 2247 2271 2269 2244
f 2273 2308 2305 2270
f 2310 2335 2142 2307
f 2337 2381 2378 2333
f 2383 2417 2414 2380
f 2419 2444 2441 2415
f 2445 2468 2463 2442
f 2469 2498 2495 2464
f 2499 2516 2512 2496
f 2517 2534 2531 2513
f 2532 2535 2554 2549
f 2555 2541 2538 2550
f 2540 2529 2525 2537
f 2528 2505 2502 2524
f 2504 2483 2478 2501
f 2482 2451 2448 2477
f 2450 2431 2427 2447
f 2429 2389 2386 2426
f 2387 2368 2364 2384
f 2366 2316 2313 2363
f 2314 2285 2282 2311
f 2283 2253 2250 2281
f 2252 2235 2233 2249
f 2234 2199 2196 2232
f 2198 2186 2184 2195
f 2185 2163 2160 2183
f 2162 2149 2147 2159
f 2148 2156 2153 2141
f 2157 2173 2171 2154

o cut_07
v 0.000000 0.550000 -0.209700
v 0.000000 -0.550000 -0.209700
v 0.970600 0.286400 -0.209700
v 0.000000 0.286400 -0.711700
v 0.907600 0.286400 -0.707299
v 0.961800 0.286400 -0.601900
v 0.961800 0.286400 -0.601900
v 0.000000 -0.550000 -0.209700
v 0.805000 0.500400 -0.430100
v 0.000000 0.286400 -0.711700
v -1.000000 0.286400 -0.417299
v -1.000000 0.286400 -0.417299
v -1.000000 0.270600 -0.417299
v -1.000000 0.270600 -0.417299
v -1.000000 0.270600 -0.417299
v -1.000000 0.270600 -0.417299
v -0.999000 0.289600 -0.363899
v -0.999000 0.289600 -0.363899
v -0.999000 0.289600 -0.363899
v -0.999000 0.289600 -0.363899
v -0.999000 0.286400 -0.363899
v -0.999000 0.286400 -0.363899
v -0.999000 0.279800 -0.363899
v -0.999000 0.279800 -0.363899
v -0.999000 0.279800 -0.363899
v -0.999000 0.279800 -0.363899
v -0.996600 0.314400 -0.464500
v -0.996600 0.314400 -0.464500
v -0.996600 0.314400 -0.464500
v -0.996600 0.314400 -0.464500
v -0.996600 0.286400 -0.464500
v -0.996600 0.286400 -0.464500
v -0.996600 0.258400 -0.464500
v -0.996600 0.258400 -0.464500
v -0.996600 0.258400 -0.464500
v -0.996600 0.258400 -0.464500
v -0.994800 0.286400 -0.331300
v -0.994800 0.286400 -0.331300
v -0.994800 0.286400 -0.331300
v -0.994800 0.286400 -0.331300
v -0.992400 0.286400 -0.311100
v -0.992400 0.286400 -0.311100
v -0.992400 0.286400 -0.311100
v -0.992400 0.286400 -0.311100
v -0.992400 0.286400 -0.311100
v -0.989200 0.300000 -0.511300
v -0.989200 0.300000 -0.511300
v -0.989200 0.300000 -0.511300
v -0.989200 0.300000 -0.511300
v -0.989200 0.270200 -0.511300
v -0.989200 0.270200 -0.511300
v -0.989200 0.270200 -0.511300
v -0.989200 0.270200 -0.511300
v -0.987800 0.286400 -0.510900
v -0.987800 0.286400 -0.510900
v -0.987800 0.286400 -0.510900
v -0.987800 0.286400 -0.510900
v -0.981000 0.286400 -0.258900
v -0.981000 0.286400 -0.258900
v -0.981000 0.286400 -0.258900
v -0.981000 0.286400 -0.258900
v -0.981000 0.286400 -0.258900
v -0.977600 0.289800 -0.557300
v -0.977600 0.289800 -0.557300
v -0.977600 0.289800 -0.557300
v -0.977600 0.289800 -0.557300
v -0.977600 0.286400 -0.557300
v -0.977600 0.286400 -0.557300
v -0.977600 0.286400 -0.557300
v -0.977600 0.278800 -0.557300
v -0.977600 0.278800 -0.557300
v -0.977600 0.278800 -0.557300
v -0.977600 0.278800 -0.557300
v -0.974000 0.286400 -0.236900
v -0.974000 0.286400 -0.236900
v -0.974000 0.286400 -0.236900
v -0.974000 0.286400 -0.236900
v -0.968800 0.286400 -0.581900
v -0.968800 0.286400 -0.581900
v -0.968800 0.286400 -0.581900
v -0.968800 0.286400 -0.581900
v -0.965200 0.289000 -0.208099
v -0.965200 0.289000 -0.208099
v -0.965200 0.289000 -0.208099
v -0.965200 0.289000 -0.208099
v -0.965200 0.286400 -0.208099
v -1.000000 0.300400 -0.417299
v -0.965200 0.286400 -0.208099
v -0.965200 0.280400 -0.208099
v -0.965200 0.280400 -0.208099
v -0.965200 0.280400 -0.208099
v -0.965200 0.280400 -0.208099
v -0.961800 0.286400 -0.601900
v -0.961800 0.286400 -0.601900
v -0.961800 0.286400 -0.601900
v -0.961800 0.286400 -0.601900
v -0.961800 0.286400 -0.601900
v -0.947200 0.296000 -0.157900
v -0.947200 0.296000 -0.157900
v -0.947200 0.296000 -0.157900
v -0.947200 0.296000 -0.157900
v -0.947200 0.286400 -0.157900
v -0.947200 0.286400 -0.157900
v -0.947200 0.274200 -0.157900
v -0.947200 0.274200 -0.157900
v -0.947200 0.274200 -0.157900
v -0.947200 0.274200 -0.157900
v -0.927800 0.304600 -0.108299
v -0.927800 0.304600 -0.108299
v -0.927800 0.304600 -0.108299
v -0.927800 0.304600 -0.108299
v -0.927800 0.286400 -0.108299
v -0.927800 0.286400 -0.108299
v -0.927800 0.267000 -0.108299
v -0.927800 0.267000 -0.108299
v -0.927800 0.267000 -0.108299
v -0.927800 0.267000 -0.108299
v -0.919400 0.286400 -0.686500
v -0.919400 0.286400 -0.686500
v -0.919400 0.286400 -0.686500
v -0.919400 0.286400 -0.686500
v -0.919400 0.286400 -0.686500
v -0.907400 0.314400 -0.059100
v -0.907400 0.314400 -0.059100
v -0.907400 0.314400 -0.059100
v -0.907400 0.314400 -0.059100
v -0.907400 0.314400 -0.059100
v -0.907400 0.286400 -0.059100
v -0.907400 0.286400 -0.059100
v -0.907400 0.258400 -0.059100
v -0.907400 0.258400 -0.059100
v -0.907400 0.258400 -0.059100
v -0.907400 0.258400 -0.059100
v -0.907400 0.258400 -0.059100
v -0.905800 0.286400 -0.707100
v -0.905800 0.286400 -0.707100
v -0.905800 0.286400 -0.707100
v -0.905800 0.286400 -0.707100
v -0.893600 0.288800 -0.726100
v -0.893600 0.288800 -0.726100
v -0.893600 0.288800 -0.726100
v -0.893600 0.288800 -0.726100
v -0.893600 0.286400 -0.726100
v -0.893600 0.286400 -0.726100
v -0.893600 0.279600 -0.726100
v -0.893600 0.279600 -0.726100
v -0.893600 0.279600 -0.726100
v -0.893600 0.279600 -0.726100
v -0.885600 0.311200 -0.010300
v -0.885600 0.311200 -0.010300
v -0.885600 0.311200 -0.010300
v -0.885600 0.311200 -0.010300
v -0.885600 0.286400 -0.010300
v -0.885600 0.286400 -0.010300
v -0.885600 0.261800 -0.010300
v -0.885600 0.261800 -0.010300
v -0.885600 0.261800 -0.010300
v -0.885600 0.261800 -0.010300
v -0.864000 0.298800 -0.763100
v -0.864000 0.298800 -0.763100
v -0.864000 0.298800 -0.763100
v -0.864000 0.298800 -0.763100
v -0.864000 0.286400 -0.763100
v -0.864000 0.286400 -0.763100
v -0.864000 0.271400 -0.763100
v -0.864000 0.271400 -0.763100
v -0.864000 0.271400 -0.763100
v -0.864000 0.271400 -0.763100
v -0.842600 0.308200 0.077300
v -0.842600 0.308200 0.077300
v -0.842600 0.308200 0.077300
v -0.842600 0.308200 0.077300
v -0.842600 0.286400 0.077300
v -0.842600 0.286400 0.077300
v -0.842600 0.265000 0.077300
v -0.842600 0.265000 0.077300
v -0.842600 0.265000 0.077300
v -0.842600 0.265000 0.077300
v -0.827600 0.314400 -0.800700
v -0.827600 0.314400 -0.800700
v -0.827600 0.314400 -0.800700
v -0.827600 0.314400 -0.800700
v -0.827600 0.314400 -0.800700
v -0.827600 0.286400 -0.800700
v -0.827600 0.286400 -0.800700
v -0.827600 0.258400 -0.800700
v -0.827600 0.258400 -0.800700
v -0.827600 0.258400 -0.800700
v -0.827600 0.258400 -0.800700
v -0.827600 0.258400 -0.800700
v -0.805000 0.500400 -0.430100
v -0.805000 0.500400 -0.430100
v -0.805000 0.500400 -0.430100
v -0.805000 0.500400 -0.430100
v -0.805000 0.500400 -0.430100
v -0.805000 0.500400 -0.430100
v -0.805000 0.500400 -0.430100
v -0.805000 0.500400 -0.430100
v -0.805000 0.500400 -0.430100
v -0.805000 0.500400 -0.430100
v -0.805000 0.500400 -0.430100
v -0.805000 0.500400 -0.430100
v -0.805000 0.500400 -0.430100
v -0.805000 0.500400 -0.430100
v -0.805000 0.500400 -0.430100
v -0.805000 0.500400 -0.430100
v -0.805000 0.500400 -0.430100
v -0.805000 0.500400 -0.430100
v -0.805000 0.500400 -0.430100
v -0.805000 0.500400 -0.430100
v -0.805000 0.500400 -0.430100
v -0.805000 0.500400 -0.430100
v -0.795600 0.309400 0.162701
v -0.795600 0.309400 0.162701
v -0.795600 0.309400 0.162701
v -0.795600 0.309400 0.162701
v -0.795600 0.286400 0.162701
v -0.795600 0.286400 0.162701
v -0.795600 0.263800 0.162701
v -0.795600 0.263800 0.162701
v -0.795600 0.263800 0.162701
v -0.795600 0.263800 0.162701
v -0.787600 0.303600 -0.834900
v -0.787600 0.303600 -0.834900
v -0.787600 0.303600 -0.834900
v -0.787600 0.303600 -0.834900
v -0.787600 0.286400 -0.834900
v -0.787600 0.286400 -0.834900
v -0.787600 0.270200 -0.834900
v -0.787600 0.270200 -0.834900
v -0.787600 0.270200 -0.834900
v -0.787600 0.270200 -0.834900
v -0.744800 0.314400 0.246101
v -0.744800 0.314400 0.246101
v -0.744800 0.314400 0.246101
v -0.744800 0.314400 0.246101
v -0.744800 0.286400 0.246101
v -0.744800 0.286400 0.246101
v -0.744800 0.258400 0.246101
v -0.744800 0.258400 0.246101
v -0.744800 0.258400 0.246101
v -0.744800 0.258400 0.246101
v -0.744600 0.297200 -0.864900
v -0.744600 0.297200 -0.864900
v -0.744600 0.297200 -0.864900
v -0.744600 0.297200 -0.864900
v -0.744600 0.286400 -0.864900
v -0.744600 0.286400 -0.864900
v -0.744600 0.277200 -0.864900
v -0.744600 0.277200 -0.864900
v -0.744600 0.277200 -0.864900
v -0.744600 0.277200 -0.864900
v -0.699000 0.295000 -0.890700
v -0.699000 0.295000 -0.890700
v -0.699000 0.295000 -0.890700
v -0.699000 0.295000 -0.890700
v -0.699000 0.286400 -0.890700
v -0.699000 0.286400 -0.890700
v -0.699000 0.279600 -0.890700
v -0.699000 0.279600 -0.890700
v -0.699000 0.279600 -0.890700
v -0.699000 0.279600 -0.890700
v -0.690200 0.308400 0.326901
v -0.690200 0.308400 0.326901
v -0.690200 0.308400 0.326901
v -0.690200 0.308400 0.326901
v -0.690200 0.286400 0.326901
v -0.690200 0.286400 0.326901
v -0.690200 0.264800 0.326901
v -0.690200 0.264800 0.326901
v -0.690200 0.264800 0.326901
v -0.690200 0.264800 0.326901
v -0.651000 0.297200 -0.912100
v -0.651000 0.297200 -0.912100
v -0.651000 0.297200 -0.912100
v -0.651000 0.297200 -0.912100
v -0.651000 0.286400 -0.912100
v -0.651000 0.286400 -0.912100
v -0.651000 0.277200 -0.912100
v -0.651000 0.277200 -0.912100
v -0.651000 0.277200 -0.912100
v -0.651000 0.277200 -0.912100
v -0.632000 0.306200 0.405300
v -0.632000 0.306200 0.405300
v -0.632000 0.306200 0.405300
v -0.632000 0.306200 0.405300
v -0.632000 0.286400 0.405300
v -0.632000 0.286400 0.405300
v -0.632000 0.266800 0.405300
v -0.632000 0.266800 0.405300
v -0.632000 0.266800 0.405300
v -0.632000 0.266800 0.405300
v -0.626800 0.550000 -0.180100
v -0.626800 0.550000 -0.180100
v -0.626800 0.550000 -0.180100
v -0.626800 0.550000 -0.180100
v -0.601200 0.303600 -0.928700
v -0.601200 0.303600 -0.928700
v -0.601200 0.303600 -0.928700
v -0.601200 0.303600 -0.928700
v -0.601200 0.286400 -0.928700
v -0.601200 0.286400 -0.928700
v -0.601200 0.270200 -0.928700
v -0.601200 0.270200 -0.928700
v -0.601200 0.270200 -0.928700
v -0.601200 0.270200 -0.928700
v -0.579600 0.550000 -0.537300
v -0.579600 0.550000 -0.537300
v -0.579600 0.550000 -0.537300
v -0.579600 0.550000 -0.537300
v -0.570200 0.308400 0.480900
v -0.570200 0.308400 0.480900
v -0.570200 0.308400 0.480900
v -0.570200 0.308400 0.480900
v -0.570200 0.286400 0.480900
v -0.570200 0.286400 0.480900
v -0.570200 0.264800 0.480900
v -0.570200 0.264800 0.480900
v -0.570200 0.264800 0.480900
v -0.570200 0.264800 0.480900
v -0.550200 0.314400 -0.940700
v -0.550200 0.314400 -0.940700
v -0.550200 0.314400 -0.940700
v -0.550200 0.314400 -0.940700
v -0.550200 0.286400 -0.940700
v -0.550200 0.286400 -0.940700
v -0.550200 0.258400 -0.940700
v -0.550200 0.258400 -0.940700
v -0.550200 0.258400 -0.940700
v -0.550200 0.258400 -0.940700
v -0.550000 0.500400 0.160100
v -0.550000 0.500400 0.160100
v -0.550000 0.500400 0.160100
v -0.550000 0.500400 0.160100
v -0.550000 0.500400 0.160100
v -0.550000 0.500400 0.160100
v -0.550000 0.500400 0.160100
v -0.550000 0.500400 0.160100
v -0.550000 0.500400 0.160100
v -0.550000 0.500400 0.160100
v -0.550000 0.500400 0.160100
v -0.505000 0.314400 0.553500
v -0.505000 0.314400 0.553500
v -0.505000 0.314400 0.553500
v -0.505000 0.314400 0.553500
v -0.505000 0.314400 0.553500
v -0.505000 0.286400 0.553500
v -0.505000 0.286400 0.553500
v -0.505000 0.258400 0.553500
v -0.505000 0.258400 0.553500
v -0.505000 0.258400 0.553500
v -0.505000 0.258400 0.553500
v -0.505000 0.258400 0.553500
v -0.498200 0.309400 -0.947499
v -0.498200 0.309400 -0.947499
v -0.498200 0.309400 -0.947499
v -0.498200 0.309400 -0.947499
v -0.498200 0.286400 -0.947499
v -0.498200 0.286400 -0.947499
v -0.498200 0.255000 -0.947499
v -0.498200 0.255000 -0.947499
v -0.498200 0.255000 -0.947499
v -0.498200 0.255000 -0.947499
v -0.484400 0.500400 -0.731300
v -0.484400 0.500400 -0.731300
v -0.484400 0.500400 -0.731300
v -0.484400 0.500400 -0.731300
v -0.484400 0.500400 -0.731300
v -0.484400 0.500400 -0.731300
v -0.484400 0.500400 -0.731300
v -0.484400 0.500400 -0.731300
v -0.484400 0.500400 -0.731300
v -0.484400 0.500400 -0.731300
v -0.484400 0.500400 -0.731300
v -0.484400 0.500400 -0.731300
v -0.484400 0.500400 -0.731300
v -0.484400 0.500400 -0.731300
v -0.484400 0.500400 -0.731300
v -0.484400 0.500400 -0.731300
v -0.484400 0.500400 -0.731300
v -0.484400 0.500400 -0.731300
v -0.484400 0.500400 -0.731300
v -0.484400 0.500400 -0.731300
v -0.445600 0.308800 -0.949500
v -0.445600 0.308800 -0.949500
v -0.445600 0.308800 -0.949500
v -0.445600 0.308800 -0.949500
v -0.445600 0.286400 -0.949500
v -0.445600 0.286400 -0.949500
v -0.445600 0.246000 -0.949500
v -0.445600 0.246000 -0.949500
v -0.445600 0.246000 -0.949500
v -0.445600 0.246000 -0.949500
v -0.436600 0.308200 0.623100
v -0.436600 0.308200 0.623100
v -0.436600 0.308200 0.623100
v -0.436600 0.308200 0.623100
v -0.436600 0.286400 0.623100
v -0.436600 0.286400 0.623100
v -0.436600 0.264600 0.623100
v -0.436600 0.264600 0.623100
v -0.436600 0.264600 0.623100
v -0.436600 0.264600 0.623100
v -0.393400 0.312600 -0.946300
v -0.393400 0.312600 -0.946300
v -0.393400 0.312600 -0.946300
v -0.393400 0.312600 -0.946300
v -0.393400 0.286400 -0.946300
v -0.393400 0.286400 -0.946300
v -0.393400 0.232000 -0.946300
v -0.393400 0.232000 -0.946300
v -0.393400 0.232000 -0.946300
v -0.393400 0.232000 -0.946300
v -0.393400 0.232000 -0.946300
v -0.365000 0.306200 0.689300
v -0.365000 0.306200 0.689300
v -0.365000 0.306200 0.689300
v -0.365000 0.306200 0.689300
v -0.365000 0.286400 0.689300
v -0.365000 0.286400 0.689300
v -0.365000 0.266600 0.689300
v -0.365000 0.266600 0.689300
v -0.365000 0.266600 0.689300
v -0.365000 0.266600 0.689300
v -0.341400 0.320800 -0.938300
v -0.341400 0.320800 -0.938300
v -0.341400 0.320800 -0.938300
v -0.341400 0.320800 -0.938300
v -0.341400 0.286400 -0.938300
v -0.341400 0.286400 -0.938300
v -0.341400 0.212600 -0.938300
v -0.341400 0.212600 -0.938300
v -0.341400 0.212600 -0.938300
v -0.341400 0.212600 -0.938300
v -0.290600 0.333400 -0.925300
v -0.290600 0.333400 -0.925300
v -0.290600 0.333400 -0.925300
v -0.290600 0.333400 -0.925300
v -0.290600 0.286400 -0.925300
v -0.290600 0.286400 -0.925300
v -0.290600 0.188200 -0.925300
v -0.290600 0.188200 -0.925300
v -0.290600 0.188200 -0.925300
v -0.290600 0.188200 -0.925300
v -0.290400 0.308200 0.752300
v -0.290400 0.308200 0.752300
v -0.290400 0.308200 0.752300
v -0.290400 0.308200 0.752300
v -0.290400 0.286400 0.752300
v -0.290400 0.286400 0.752300
v -0.290400 0.264600 0.752300
v -0.290400 0.264600 0.752300
v -0.290400 0.264600 0.752300
v -0.290400 0.264600 0.752300
v -0.286400 0.550000 0.348300
v -0.286400 0.550000 0.348300
v -0.286400 0.550000 0.348300
v -0.286400 0.550000 0.348300
v -0.241200 0.350200 -0.907500
v -0.241200 0.350200 -0.907500
v -0.241200 0.350200 -0.907500
v -0.241200 0.350200 -0.907500
v -0.241200 0.286400 -0.907500
v -0.241200 0.286400 -0.907500
v -0.241200 0.159200 -0.907500
v -0.241200 0.159200 -0.907500
v -0.241200 0.159200 -0.907500
v -0.241200 0.159200 -0.907500
v -0.241200 0.159200 -0.907500
v -0.213200 0.314400 0.811900
v -0.213200 0.314400 0.811900
v -0.213200 0.314400 0.811900
v -0.213200 0.314400 0.811900
v -0.213200 0.286400 0.811900
v -0.213200 0.286400 0.811900
v -0.213200 0.258400 0.811900
v -0.213200 0.258400 0.811900
v -0.213200 0.258400 0.811900
v -0.213200 0.258400 0.811900
v -0.193800 0.369400 -0.885100
v -0.193800 0.369400 -0.885100
v -0.193800 0.369400 -0.885100
v -0.193800 0.369400 -0.885100
v -0.193800 0.286400 -0.885100
v -0.193800 0.286400 -0.885100
v -0.193800 0.125600 -0.885100
v -0.193800 0.125600 -0.885100
v -0.193800 0.125600 -0.885100
v -0.193800 0.125600 -0.885100
v -0.193800 0.125600 -0.885100
v -0.162200 -0.432000 -0.256900
v -0.162200 -0.432000 -0.256900
v -0.162200 -0.432000 -0.256900
v -0.162200 -0.432000 -0.256900
v -0.162200 -0.432000 -0.256900
v -0.162200 -0.432000 -0.256900
v -0.162200 -0.432000 -0.256900
v -0.162200 -0.432000 -0.256900
v -0.162200 -0.432000 -0.256900
v -0.162200 -0.432000 -0.256900
v -0.162200 -0.432000 -0.256900
v -0.162200 -0.432000 -0.256900
v -0.162200 -0.432000 -0.256900
v -0.162200 -0.432000 -0.256900
v -0.162200 -0.432000 -0.256900
v -0.162200 -0.432000 -0.256900
v -0.162200 -0.432000 -0.256900
v -0.148800 0.392200 -0.858100
v -0.148800 0.392200 -0.858100
v -0.148800 0.392200 -0.858100
v -0.148800 0.392200 -0.858100
v -0.148800 0.286400 -0.858100
v -0.148800 0.286400 -0.858100
v -0.148800 0.087800 -0.858100
v -0.148800 0.087800 -0.858100
v -0.148800 0.087800 -0.858100
v -0.148800 0.087800 -0.858100
v -0.141800 -0.399000 -0.117900
v -0.141800 -0.399000 -0.117900
v -0.141800 -0.399000 -0.117900
v -0.141800 -0.399000 -0.117900
v -0.141800 -0.399000 -0.117900
v -0.141800 -0.399000 -0.117900
v -0.141800 -0.399000 -0.117900
v -0.141800 -0.399000 -0.117900
v -0.141800 -0.399000 -0.117900
v -0.141800 -0.399000 -0.117900
v -0.133200 0.311200 0.867901
v -0.133200 0.311200 0.867901
v -0.133200 0.311200 0.867901
v -0.133200 0.311200 0.867901
v -0.133200 0.286400 0.867901
v -0.133200 0.286400 0.867901
v -0.133200 0.261400 0.867901
v -0.133200 0.261400 0.867901
v -0.133200 0.261400 0.867901
v -0.133200 0.261400 0.867901
v -0.106400 0.418800 -0.827100
v -0.106400 0.418800 -0.827100
v -0.106400 0.418800 -0.827100
v -0.106400 0.418800 -0.827100
v -0.106400 0.286400 -0.827100
v -0.106400 0.286400 -0.827100
v -0.106400 0.046200 -0.827100
v -0.106400 0.046200 -0.827100
v -0.106400 0.046200 -0.827100
v -0.096200 0.500400 0.643100
v -0.096200 0.500400 0.643100
v -0.096200 0.500400 0.643100
v -0.096200 0.500400 0.643100
v -0.096200 0.500400 0.643100
v -0.096200 0.500400 0.643100
v -0.096200 0.500400 0.643100
v -0.096200 0.500400 0.643100
v -0.096200 0.500400 0.643100
v -0.096200 0.500400 0.643100
v -0.096200 0.500400 0.643100
v -0.089400 0.311000 0.896101
v -0.089400 0.311000 0.896101
v -0.089400 0.311000 0.896101
v -0.089400 0.311000 0.896101
v -0.089400 0.286400 0.896101
v -0.089400 0.286400 0.896101
v -0.089400 0.261600 0.896101
v -0.089400 0.261600 0.896101
v -0.089400 0.261600 0.896101
v -0.089400 0.261600 0.896101
v -0.067400 0.448400 -0.792100
v -0.067400 0.448400 -0.792100
v -0.067400 0.448400 -0.792100
v -0.067400 0.448400 -0.792100
v -0.067400 0.286400 -0.792100
v -0.067400 0.286400 -0.792100
v -0.067400 0.001200 -0.792100
v -0.067400 0.001200 -0.792100
v -0.067400 0.001200 -0.792100
v -0.067400 0.001200 -0.792100
v -0.067400 0.001200 -0.792100
v -0.045000 0.312200 0.923300
v -0.045000 0.312200 0.923300
v -0.045000 0.312200 0.923300
v -0.045000 0.312200 0.923300
v -0.045000 0.286400 0.923300
v -0.045000 0.286400 0.923300
v -0.045000 0.260600 0.923300
v -0.045000 0.260600 0.923300
v -0.045000 0.260600 0.923300
v -0.045000 0.260600 0.923300
v -0.031800 0.481400 -0.753700
v -0.031800 0.481400 -0.753700
v -0.031800 0.481400 -0.753700
v -0.031800 0.481400 -0.753700
v -0.031800 0.481400 -0.753700
v -0.031800 0.286400 -0.753700
v -0.031800 0.286400 -0.753700
v -0.031800 -0.047000 -0.753700
v -0.031800 -0.047000 -0.753700
v -0.031800 -0.047000 -0.753700
v -0.031800 -0.047000 -0.753700
v -0.031800 -0.047000 -0.753700
v 0.000000 0.314400 0.949500
v 0.000000 0.314400 0.949500
v 0.000000 0.314400 0.949500
v 0.000000 0.314400 0.949500
v 0.000000 0.314400 0.949500
v 0.000000 0.286400 0.949500
v -1.000000 0.300400 -0.417299
v 0.000000 0.258400 0.949500
v 0.000000 0.258400 0.949500
v 0.000000 0.258400 0.949500
v 0.000000 0.258400 0.949500
v 0.000000 0.550000 0.561101
v 0.000000 0.550000 0.561101
v 0.000000 0.550000 0.561101
v 0.000000 0.550000 0.561101
v 0.000000 -0.444800 -0.040899
v 0.000000 -0.444800 -0.040899
v 0.000000 -0.444800 -0.040899
v 0.000000 -0.444800 -0.040899
v 0.000000 -0.444800 -0.040899
v 0.000000 -0.444800 -0.040899
v 0.000000 -0.444800 -0.040899
v 0.000000 -0.444800 -0.040899
v 0.000000 -0.444800 -0.040899
v 0.000000 -0.444800 -0.040899
v 0.000000 -0.444800 -0.040899
v 0.000000 -0.444800 -0.040899
v 0.000000 -0.444800 -0.040899
v 0.000000 -0.444800 -0.040899
v 0.000000 -0.444800 -0.040899
v 0.000000 -0.444800 -0.040899
v 0.000000 -0.444800 -0.040899
v 0.000000 -0.444800 -0.040899
v -1.000000 0.300400 -0.417299
v 0.000000 -0.550000 -0.209700
v 0.000000 -0.550000 -0.209700
v 0.000000 -0.550000 -0.209700
v 0.000000 -0.550000 -0.209700
v 0.907600 0.286400 -0.707299
v -1.000000 0.300400 -0.417299
v 0.000000 -0.450000 -0.378500
v 0.000000 -0.450000 -0.378500
v 0.000000 -0.450000 -0.378500
v 0.000000 -0.450000 -0.378500
v 0.000000 -0.450000 -0.378500
v 0.000000 -0.450000 -0.378500
v 0.000000 -0.450000 -0.378500
v 0.000000 -0.450000 -0.378500
v 0.000000 -0.450000 -0.378500
v 0.000000 -0.450000 -0.378500
v 0.000000 -0.450000 -0.378500
v 0.000000 -0.450000 -0.378500
v 0.000000 -0.450000 -0.378500
v 0.000000 -0.450000 -0.378500
v 0.000000 -0.450000 -0.378500
v 0.000000 -0.450000 -0.378500
v 0.000000 -0.450000 -0.378500
v 0.000000 -0.450000 -0.378500
v 0.000000 -0.450000 -0.378500
v 0.000000 -0.450000 -0.378500
v 0.000000 -0.450000 -0.378500
v 0.000000 -0.450000 -0.378500
v 0.000000 0.550000 -0.673100
v 0.000000 0.550000 -0.673100
v 0.000000 0.550000 -0.673100
v 0.000000 0.550000 -0.673100
v 0.000000 0.550000 -0.673100
v 0.000000 0.550000 -0.673100
v 0.000000 0.550000 -0.673100
v 0.000000 0.286400 -0.711700
v 0.000000 0.286400 0.949500
v 0.000000 0.286400 -0.711700
v 0.162200 -0.432000 -0.256900
v 0.000000 0.517000 -0.711900
v 0.000000 0.517000 -0.711900
v 0.000000 0.517000 -0.711900
v 0.000000 0.517000 -0.711900
v 0.000000 -0.097600 -0.711900
v 0.000000 -0.097600 -0.711900
v 0.000000 -0.097600 -0.711900
v 0.000000 -0.097600 -0.711900
v 0.000000 -0.097600 -0.711900
v 0.000000 -0.097600 -0.711900
v 0.000000 -0.097600 -0.711900
v 0.000000 -0.097600 -0.711900
v 0.000000 -0.097600 -0.711900
v 0.000000 -0.097600 -0.711900
v 0.000000 -0.097600 -0.711900
v 0.000000 -0.097600 -0.711900
v 0.031800 0.481400 -0.753700
v 0.031800 0.481400 -0.753700
v 0.031800 0.481400 -0.753700
v 0.031800 0.481400 -0.753700
v 0.031800 0.481400 -0.753700
v 0.031800 0.286400 -0.753700
v 0.031800 0.286400 -0.753700
v 0.031800 -0.047000 -0.753700
v 0.031800 -0.047000 -0.753700
v 0.031800 -0.047000 -0.753700
v 0.031800 -0.047000 -0.753700
v 0.031800 -0.047000 -0.753700
v 0.045000 0.312200 0.923300
v 0.045000 0.312200 0.923300
v 0.045000 0.312200 0.923300
v 0.045000 0.312200 0.923300
v 0.045000 0.286400 0.923300
v 0.045000 0.286400 0.923300
v 0.045000 0.260600 0.923300
v 0.045000 0.260600 0.923300
v 0.045000 0.260600 0.923300
v 0.045000 0.260600 0.923300
v 0.067400 0.448400 -0.792100
v 0.067400 0.448400 -0.792100
v 0.067400 0.448400 -0.792100
v 0.067400 0.448400 -0.792100
v 0.067400 0.286400 -0.792100
v 0.067400 0.286400 -0.792100
v 0.067400 0.001200 -0.792100
v 0.067400 0.001200 -0.792100
v 0.067400 0.001200 -0.792100
v 0.067400 0.001200 -0.792100
v 0.067400 0.001200 -0.792100
v 0.089400 0.311000 0.896101
v 0.089400 0.311000 0.896101
v 0.089400 0.311000 0.896101
v 0.089400 0.311000 0.896101
v 0.089400 0.286400 0.896101
v 0.089400 0.286400 0.896101
v 0.089400 0.261600 0.896101
v 0.089400 0.261600 0.896101
v 0.089400 0.261600 0.896101
v 0.089400 0.261600 0.896101
v 0.096200 0.500400 0.643100
v 0.096200 0.500400 0.643100
v 0.096200 0.500400 0.643100
v 0.096200 0.500400 0.643100
v 0.096200 0.500400 0.643100
v 0.096200 0.500400 0.643100
v 0.096200 0.500400 0.643100
v 0.096200 0.500400 0.643100
v 0.096200 0.500400 0.643100
v 0.096200 0.500400 0.643100
v 0.096200 0.500400 0.643100
v 0.106400 0.418800 -0.827100
v 0.106400 0.418800 -0.827100
v 0.106400 0.418800 -0.827100
v 0.106400 0.418800 -0.827100
v 0.106400 0.286400 -0.827100
v 0.106400 0.286400 -0.827100
v 0.106400 0.046200 -0.827100
v 0.106400 0.046200 -0.827100
v 0.106400 0.046200 -0.827100
v 0.133200 0.311200 0.867901
v 0.133200 0.311200 0.867901
v 0.133200 0.311200 0.867901
v 0.133200 0.311200 0.867901
v 0.133200 0.286400 0.867901
v 0.133200 0.286400 0.867901
v 0.133200 0.261400 0.867901
v 0.133200 0.261400 0.867901
v 0.133200 0.261400 0.867901
v 0.133200 0.261400 0.867901
v 0.141800 -0.399000 -0.117900
v 0.141800 -0.399000 -0.117900
v 0.141800 -0.399000 -0.117900
v 0.141800 -0.399000 -0.117900
v 0.141800 -0.399000 -0.117900
v 0.141800 -0.399000 -0.117900
v 0.141800 -0.399000 -0.117900
v 0.141800 -0.399000 -0.117900
v 0.141800 -0.399000 -0.117900
v 0.141800 -0.399000 -0.117900
v 0.148800 0.392200 -0.858100
v 0.148800 0.392200 -0.858100
v 0.148800 0.392200 -0.858100
v 0.148800 0.392200 -0.858100
v 0.148800 0.286400 -0.858100
v 0.148800 0.286400 -0.858100
v 0.148800 0.087800 -0.858100
v 0.148800 0.087800 -0.858100
v 0.148800 0.087800 -0.858100
v 0.148800 0.087800 -0.858100
v 0.162200 -0.432000 -0.256900
v 0.162200 -0.432000 -0.256900
v 0.162200 -0.432000 -0.256900
v 0.162200 -0.432000 -0.256900
v 0.162200 -0.432000 -0.256900
v 0.162200 -0.432000 -0.256900
v 0.162200 -0.432000 -0.256900
v 0.162200 -0.432000 -0.256900
v 0.162200 -0.432000 -0.256900
v 0.162200 -0.432000 -0.256900
v 0.162200 -0.432000 -0.256900
v 0.162200 -0.432000 -0.256900
v 0.162200 -0.432000 -0.256900
v 0.162200 -0.432000 -0.256900
v 0.162200 -0.432000 -0.256900
v 0.162200 -0.432000 -0.256900
v 0.193800 0.369400 -0.885100
v 0.193800 0.369400 -0.885100
v 0.193800 0.369400 -0.885100
v 0.193800 0.369400 -0.885100
v 0.193800 0.286400 -0.885100
v 0.193800 0.286400 -0.885100
v 0.193800 0.125600 -0.885100
v 0.193800 0.125600 -0.885100
v 0.193800 0.125600 -0.885100
v 0.193800 0.125600 -0.885100
v 0.193800 0.125600 -0.885100
v 0.213200 0.314400 0.811900
v 0.213200 0.314400 0.811900
v 0.213200 0.314400 0.811900
v 0.213200 0.314400 0.811900
v 0.213200 0.286400 0.811900
v 0.213200 0.286400 0.811900
v 0.213200 0.258400 0.811900
v 0.213200 0.258400 0.811900
v 0.213200 0.258400 0.811900
v 0.213200 0.258400 0.811900
v 0.241200 0.350200 -0.907500
v 0.241200 0.350200 -0.907500
v 0.241200 0.350200 -0.907500
v 0.241200 0.350200 -0.907500
v 0.241200 0.286400 -0.907500
v 0.241200 0.286400 -0.907500
v 0.241200 0.159200 -0.907500
v 0.241200 0.159200 -0.907500
v 0.241200 0.159200 -0.907500
v 0.241200 0.159200 -0.907500
v 0.241200 0.159200 -0.907500
v 0.286400 0.550000 0.348300
v 0.286400 0.550000 0.348300
v 0.286400 0.550000 0.348300
v 0.286400 0.550000 0.348300
v 0.290400 0.308200 0.752300
v 0.290400 0.308200 0.752300
v 0.290400 0.308200 0.752300
v 0.290400 0.308200 0.752300
v 0.290400 0.286400 0.752300
v 0.290400 0.286400 0.752300
v 0.290400 0.264600 0.752300
v 0.290400 0.264600 0.752300
v 0.290400 0.264600 0.752300
v 0.290400 0.264600 0.752300
v 0.290600 0.333400 -0.925300
v 0.290600 0.333400 -0.925300
v 0.290600 0.333400 -0.925300
v 0.290600 0.333400 -0.925300
v 0.290600 0.286400 -0.925300
v 0.290600 0.286400 -0.925300
v 0.290600 0.188200 -0.925300
v 0.290600 0.188200 -0.925300
v 0.290600 0.188200 -0.925300
v 0.290600 0.188200 -0.925300
v 0.341400 0.320800 -0.938300
v 0.341400 0.320800 -0.938300
v 0.341400 0.320800 -0.938300
v 0.341400 0.320800 -0.938300
v 0.341400 0.286400 -0.938300
v 0.341400 0.286400 -0.938300
v 0.341400 0.212600 -0.938300
v 0.341400 0.212600 -0.938300
v 0.341400 0.212600 -0.938300
v 0.341400 0.212600 -0.938300
v 0.365000 0.306200 0.689300
v 0.365000 0.306200 0.689300
v 0.365000 0.306200 0.689300
v 0.365000 0.306200 0.689300
v 0.365000 0.286400 0.689300
v 0.365000 0.286400 0.689300
v 0.365000 0.266600 0.689300
v 0.365000 0.266600 0.689300
v 0.365000 0.266600 0.689300
v 0.365000 0.266600 0.689300
v 0.393400 0.312600 -0.946300
v 0.393400 0.312600 -0.946300
v 0.393400 0.312600 -0.946300
v 0.393400 0.312600 -0.946300
v 0.393400 0.286400 -0.946300
v 0.393400 0.286400 -0.946300
v 0.393400 0.232000 -0.946300
v 0.393400 0.232000 -0.946300
v 0.393400 0.232000 -0.946300
v 0.393400 0.232000 -0.946300
v 0.393400 0.232000 -0.946300
v 0.436600 0.308200 0.623100
v 0.436600 0.308200 0.623100
v 0.436600 0.308200 0.623100
v 0.436600 0.308200 0.623100
v 0.436600 0.286400 0.623100
v 0.436600 0.286400 0.623100
v 0.436600 0.264600 0.623100
v 0.436600 0.264600 0.623100
v 0.436600 0.264600 0.623100
v 0.436600 0.264600 0.623100
v 0.445600 0.308800 -0.949500
v 0.445600 0.308800 -0.949500
v 0.445600 0.308800 -0.949500
v 0.445600 0.308800 -0.949500
v 0.445600 0.286400 -0.949500
v 0.445600 0.286400 -0.949500
v 0.445600 0.246000 -0.949500
v 0.445600 0.246000 -0.949500
v 0.445600 0.246000 -0.949500
v 0.445600 0.246000 -0.949500
v 0.484400 0.500400 -0.731300
v 0.484400 0.500400 -0.731300
v 0.484400 0.500400 -0.731300
v 0.484400 0.500400 -0.731300
v 0.484400 0.500400 -0.731300
v 0.484400 0.500400 -0.731300
v 0.484400 0.500400 -0.731300
v 0.484400 0.500400 -0.731300
v 0.484400 0.500400 -0.731300
v 0.484400 0.500400 -0.731300
v 0.484400 0.500400 -0.731300
v 0.484400 0.500400 -0.731300
v 0.484400 0.500400 -0.731300
v 0.484400 0.500400 -0.731300
v 0.484400 0.500400 -0.731300
v 0.484400 0.500400 -0.731300
v 0.484400 0.500400 -0.731300
v 0.484400 0.500400 -0.731300
v 0.484400 0.500400 -0.731300
v 0.484400 0.500400 -0.731300
v 0.498200 0.309400 -0.947499
v 0.498200 0.309400 -0.947499
v 0.498200 0.309400 -0.947499
v 0.498200 0.309400 -0.947499
v 0.498200 0.286400 -0.947499
v 0.498200 0.286400 -0.947499
v 0.498200 0.255000 -0.947499
v 0.498200 0.255000 -0.947499
v 0.498200 0.255000 -0.947499
v 0.498200 0.255000 -0.947499
v 0.505000 0.314400 0.553500
v 0.505000 0.314400 0.553500
v 0.505000 0.314400 0.553500
v 0.505000 0.314400 0.553500
v 0.505000 0.314400 0.553500
v 0.505000 0.286400 0.553500
v 0.505000 0.286400 0.553500
v 0.505000 0.258400 0.553500
v 0.505000 0.258400 0.553500
v 0.505000 0.258400 0.553500
v 0.505000 0.258400 0.553500
v 0.505000 0.258400 0.553500
v 0.550000 0.500400 0.160100
v 0.550000 0.500400 0.160100
v 0.550000 0.500400 0.160100
v 0.550000 0.500400 0.160100
v 0.550000 0.500400 0.160100
v 0.550000 0.500400 0.160100
v 0.550000 0.500400 0.160100
v 0.550000 0.500400 0.160100
v 0.550000 0.500400 0.160100
v 0.550000 0.500400 0.160100
v 0.550000 0.500400 0.160100
v 0.550200 0.314400 -0.940700
v 0.550200 0.314400 -0.940700
v 0.550200 0.314400 -0.940700
v 0.550200 0.314400 -0.940700
v 0.550200 0.286400 -0.940700
v 0.550200 0.286400 -0.940700
v 0.550200 0.258400 -0.940700
v 0.550200 0.258400 -0.940700
v 0.550200 0.258400 -0.940700
v 0.550200 0.258400 -0.940700
v 0.570200 0.308400 0.480900
v 0.570200 0.308400 0.480900
v 0.570200 0.308400 0.480900
v 0.570200 0.308400 0.480900
v 0.570200 0.286400 0.480900
v 0.570200 0.286400 0.480900
v 0.570200 0.264800 0.480900
v 0.570200 0.264800 0.480900
v 0.570200 0.264800 0.480900
v 0.570200 0.264800 0.480900
v 0.579600 0.550000 -0.537300
v 0.579600 0.550000 -0.537300
v 0.579600 0.550000 -0.537300
v 0.579600 0.550000 -0.537300
v 0.601200 0.303600 -0.928700
v 0.601200 0.303600 -0.928700
v 0.601200 0.303600 -0.928700
v 0.601200 0.303600 -0.928700
v 0.601200 0.286400 -0.928700
v 0.601200 0.286400 -0.928700
v 0.601200 0.270200 -0.928700
v 0.601200 0.270200 -0.928700
v 0.601200 0.270200 -0.928700
v 0.601200 0.270200 -0.928700
v 0.626800 0.550000 -0.180100
v 0.626800 0.550000 -0.180100
v 0.626800 0.550000 -0.180100
v 0.626800 0.550000 -0.180100
v 0.632000 0.306200 0.405300
v 0.632000 0.306200 0.405300
v 0.632000 0.306200 0.405300
v 0.632000 0.306200 0.405300
v 0.632000 0.286400 0.405300
v 0.632000 0.286400 0.405300
v 0.632000 0.266800 0.405300
v 0.632000 0.266800 0.405300
v 0.632000 0.266800 0.405300
v 0.632000 0.266800 0.405300
v 0.651000 0.297200 -0.912100
v 0.651000 0.297200 -0.912100
v 0.651000 0.297200 -0.912100
v 0.651000 0.297200 -0.912100
v 0.651000 0.286400 -0.912100
v 0.651000 0.286400 -0.912100
v 0.651000 0.277200 -0.912100
v 0.651000 0.277200 -0.912100
v 0.651000 0.277200 -0.912100
v 0.651000 0.277200 -0.912100
v 0.690200 0.308400 0.326901
v 0.690200 0.308400 0.326901
v 0.690200 0.308400 0.326901
v 0.690200 0.308400 0.326901
v 0.690200 0.286400 0.326901
v 0.690200 0.286400 0.326901
v 0.690200 0.264800 0.326901
v 0.690200 0.264800 0.326901
v 0.690200 0.264800 0.326901
v 0.690200 0.264800 0.326901
v 0.699000 0.295000 -0.890700
v 0.699000 0.295000 -0.890700
v 0.699000 0.295000 -0.890700
v 0.699000 0.295000 -0.890700
v 0.699000 0.286400 -0.890700
v 0.699000 0.286400 -0.890700
v 0.699000 0.279600 -0.890700
v 0.699000 0.279600 -0.890700
v 0.699000 0.279600 -0.890700
v 0.699000 0.279600 -0.890700
v 0.744600 0.297200 -0.864900
v 0.744600 0.297200 -0.864900
v 0.744600 0.297200 -0.864900
v 0.744600 0.297200 -0.864900
v 0.744600 0.286400 -0.864900
v 0.744600 0.286400 -0.864900
v 0.744600 0.277200 -0.864900
v 0.744600 0.277200 -0.864900
v 0.744600 0.277200 -0.864900
v 0.744600 0.277200 -0.864900
v 0.744800 0.314400 0.246101
v 0.744800 0.314400 0.246101
v 0.744800 0.314400 0.246101
v 0.744800 0.314400 0.246101
v 0.744800 0.286400 0.246101
v 0.744800 0.286400 0.246101
v 0.744800 0.258400 0.246101
v 0.744800 0.258400 0.246101
v 0.744800 0.258400 0.246101
v 0.744800 0.258400 0.246101
v 0.787600 0.303600 -0.834900
v 0.787600 0.303600 -0.834900
v 0.787600 0.303600 -0.834900
v 0.787600 0.303600 -0.834900
v 0.787600 0.286400 -0.834900
v 0.787600 0.286400 -0.834900
v 0.787600 0.270200 -0.834900
v 0.787600 0.270200 -0.834900
v 0.787600 0.270200 -0.834900
v 0.787600 0.270200 -0.834900
v 0.795600 0.309400 0.162701
v 0.795600 0.309400 0.162701
v 0.795600 0.309400 0.162701
v 0.795600 0.309400 0.162701
v 0.795600 0.286400 0.162701
v 0.795600 0.286400 0.162701
v 0.795600 0.263800 0.162701
v 0.795600 0.263800 0.162701
v 0.795600 0.263800 0.162701
v 0.795600 0.263800 0.162701
v 0.805000 0.500400 -0.430100
v 0.805000 0.500400 -0.430100
v 0.805000 0.500400 -0.430100
v 0.805000 0.500400 -0.430100
v 0.805000 0.500400 -0.430100
v 0.805000 0.500400 -0.430100
v 0.805000 0.500400 -0.430100
v 0.805000 0.500400 -0.430100
v 0.805000 0.500400 -0.430100
v 0.805000 0.500400 -0.430100
v 0.805000 0.500400 -0.430100
v 0.805000 0.500400 -0.430100
v 0.805000 0.500400 -0.430100
v 0.805000 0.500400 -0.430100
v 0.805000 0.500400 -0.430100
v 0.805000 0.500400 -0.430100
v 0.805000 0.500400 -0.430100
v 0.827600 0.314400 -0.800700
v 0.827600 0.314400 -0.800700
v 0.827600 0.314400 -0.800700
v 0.827600 0.314400 -0.800700
v 0.827600 0.314400 -0.800700
v 0.827600 0.286400 -0.800700
v 0.827600 0.286400 -0.800700
v 0.827600 0.258400 -0.800700
v 0.827600 0.258400 -0.800700
v 0.827600 0.258400 -0.800700
v 0.827600 0.258400 -0.800700
v 0.827600 0.258400 -0.800700
v 0.842600 0.308200 0.077300
v 0.842600 0.308200 0.077300
v 0.842600 0.308200 0.077300
v 0.842600 0.308200 0.077300
v 0.842600 0.286400 0.077300
v 0.842600 0.286400 0.077300
v 0.842600 0.265000 0.077300
v 0.842600 0.265000 0.077300
v 0.842600 0.265000 0.077300
v 0.842600 0.265000 0.077300
v 0.864000 0.298800 -0.763100
v 0.864000 0.298800 -0.763100
v 0.864000 0.298800 -0.763100
v 0.864000 0.298800 -0.763100
v 0.864000 0.286400 -0.763100
v 0.864000 0.286400 -0.763100
v 0.864000 0.271400 -0.763100
v 0.864000 0.271400 -0.763100
v 0.864000 0.271400 -0.763100
v 0.864000 0.271400 -0.763100
v 0.885600 0.311200 -0.010300
v 0.885600 0.311200 -0.010300
v 0.885600 0.311200 -0.010300
v 0.885600 0.311200 -0.010300
v 0.885600 0.286400 -0.010300
v 0.885600 0.286400 -0.010300
v 0.885600 0.261800 -0.010300
v 0.885600 0.261800 -0.010300
v 0.885600 0.261800 -0.010300
v 0.885600 0.261800 -0.010300
v 0.893600 0.287600 -0.726100
v 0.893600 0.287600 -0.726100
v 0.893600 0.287600 -0.726100
v 0.893600 0.287600 -0.726100
v 0.893600 0.279600 -0.726100
v 0.893600 0.279600 -0.726100
v 0.893600 0.279600 -0.726100
v 0.893600 0.279600 -0.726100
v 0.907400 0.314400 -0.059100
v 0.907400 0.314400 -0.059100
v 0.907400 0.314400 -0.059100
v 0.907400 0.314400 -0.059100
v 0.907400 0.314400 -0.059100
v 0.907400 0.286400 -0.059100
v 0.907400 0.286400 -0.059100
v 0.907400 0.258400 -0.059100
v 0.907400 0.258400 -0.059100
v 0.907400 0.258400 -0.059100
v 0.907400 0.258400 -0.059100
v 0.907400 0.258400 -0.059100
v 0.907600 0.286400 -0.707299
v 0.907600 0.286400 -0.707299
v 0.907600 0.286400 -0.707299
v 0.927800 0.304600 -0.108299
v 0.927800 0.304600 -0.108299
v 0.927800 0.304600 -0.108299
v 0.927800 0.304600 -0.108299
v 0.927800 0.286400 -0.108299
v 0.927800 0.286400 -0.108299
v 0.927800 0.267000 -0.108299
v 0.927800 0.267000 -0.108299
v 0.927800 0.267000 -0.108299
v 0.927800 0.267000 -0.108299
v 0.947200 0.296000 -0.157900
v 0.947200 0.296000 -0.157900
v 0.947200 0.296000 -0.157900
v 0.947200 0.296000 -0.157900
v 0.947200 0.286400 -0.157900
v 0.947200 0.286400 -0.157900
v 0.947200 0.274200 -0.157900
v 0.947200 0.274200 -0.157900
v 0.947200 0.274200 -0.157900
v 0.947200 0.274200 -0.157900
v 0.961800 0.286400 -0.601900
v 0.961800 0.286400 -0.601900
v 0.961800 0.286400 -0.601900
v 0.965200 0.289000 -0.208099
v 0.965200 0.289000 -0.208099
v 0.965200 0.289000 -0.208099
v 0.965200 0.289000 -0.208099
v -0.965200 0.286400 -0.208099
v 0.970600 0.286400 -0.209700
v 0.970600 0.286400 -0.209700
v 0.970600 0.286400 -0.209700
v 0.970600 0.286400 -0.209700
v 0.977600 0.289800 -0.557300
v 0.977600 0.289800 -0.557300
v 0.977600 0.289800 -0.557300
v 0.977600 0.289800 -0.557300
v 0.977600 0.286400 -0.557300
v 0.977600 0.286400 -0.557300
v 0.977600 0.278800 -0.557300
v 0.977600 0.278800 -0.557300
v 0.977600 0.278800 -0.557300
v 0.977600 0.278800 -0.557300
v 0.981000 0.286400 -0.258900
v 0.981000 0.286400 -0.258900
v 0.981000 0.286400 -0.258900
v 0.981000 0.286400 -0.258900
v 0.981000 0.286400 -0.258900
v 0.989200 0.300000 -0.511300
v 0.989200 0.300000 -0.511300
v 0.989200 0.300000 -0.511300
v 0.989200 0.300000 -0.511300
v 0.989200 0.286400 -0.511300
v 0.989200 0.286400 -0.511300
v 0.989200 0.270200 -0.511300
v 0.989200 0.270200 -0.511300
v 0.989200 0.270200 -0.511300
v 0.989200 0.270200 -0.511300
v 0.992400 0.286400 -0.311100
v 0.992400 0.286400 -0.311100
v 0.992400 0.286400 -0.311100
v 0.992400 0.286400 -0.311100
v 0.992400 0.286400 -0.311100
v 0.996600 0.314400 -0.464500
v 0.996600 0.314400 -0.464500
v 0.996600 0.314400 -0.464500
v 0.996600 0.314400 -0.464500
v 0.996600 0.286400 -0.464500
v 0.996600 0.286400 -0.464500
v 0.996600 0.258400 -0.464500
v 0.996600 0.258400 -0.464500
v 0.996600 0.258400 -0.464500
v 0.996600 0.258400 -0.464500
v 0.999000 0.289600 -0.363899
v 0.999000 0.289600 -0.363899
v 0.999000 0.289600 -0.363899
v 0.999000 0.289600 -0.363899
v 0.999000 0.286400 -0.363899
v 0.999000 0.286400 -0.363899
v 0.999000 0.279800 -0.363899
v 0.999000 0.279800 -0.363899
v 0.999000 0.279800 -0.363899
v 0.999000 0.279800 -0.363899
v 1.000000 0.300400 -0.417299
v 1.000000 0.300400 -0.417299
v 1.000000 0.300400 -0.417299
v 1.000000 0.300400 -0.417299
v 1.000000 0.286400 -0.417299
v 1.000000 0.286400 -0.417299
v 1.000000 0.270600 -0.417299
v 1.000000 0.270600 -0.417299
v 1.000000 0.270600 -0.417299
v 1.000000 0.270600 -0.417299
v 0.000000 0.550000 -0.209700
v 0.000000 0.550000 -0.209700
v 0.000000 0.550000 -0.209700
f 2567 3199 2569
f 3233 2565 2566
f 3662 3343 3198 3222
f 2749 3201 3197 3067
f 2693 3059 3195 3078
f 3504 3193 2562 3323
f 2912 3087 3196 3176
f 3712 3332 2568 3349
f 2584 2601 2597 2582
f 2573 2583 2581 2571
f 2593 2574 2572 2591
f 2610 2594 2592 2614
f 2630 2611 2616 2627
f 2653 2631 2628 2638
f 2705 2678 2696 2703
f 2725 2706 2704 2723
f 2746 2726 2724 2744
f 2789 2747 2745 2787
f 2809 2790 2788 2807
f 2819 2810 2808 2817
f 2839 2820 2818 2837
f 2863 2840 2838 2861
f 2888 2866 2862 2885
f 2922 2890 2886 2918
f 2952 2923 2919 2948
f 2973 2953 2949 2968
f 2993 2974 2969 2989
f 3003 2994 2990 2999
f 3028 3004 3000 3023
f 3049 3029 3024 3044
f 3076 3050 3045 3072
f 3105 3077 3073 3102
f 3137 3106 3103 3132
f 3159 3138 3133 3154
f 3249 3160 3155 2564
f 3257 3238 3230 3255
f 3276 3278 3258 3256
f 3308 3310 3279 3277
f 3339 3311 3309 3337
f 3365 3340 3338 3363
f 3386 3366 3364 3384
f 3411 3387 3385 3409
f 3421 3412 3410 3419
f 3441 3422 3420 3439
f 3462 3442 3440 3460
f 3492 3463 3461 3490
f 3525 3493 3491 3523
f 3549 3527 3524 3547
f 3575 3552 3548 3571
f 3595 3576 3572 3591
f 3605 3596 3592 3601
f 3625 3606 3602 3621
f 3664 3626 3622 3659
f 3684 3665 3660 3680
f 3702 3685 3681 3698
f 3759 3741 3755
f 3774 3760 3756 3770
f 3789 3775 3771 3785
f 3809 3790 3786 3805
f 3800 3810 3806 3796
f 3728 3738 3734 3724
f 3715 3727 3723 3710
f 3695 3714 3709 3691
f 3675 3694 3690 3671
f 3636 3674 3670 3632
f 3616 3635 3631 3612
f 3586 3615 3611 3582
f 3566 3585 3581 3562
f 3538 3565 3561 3534
f 3507 3537 3533 3502
f 3451 3455 3506 3501
f 3430 3434 3454 3450
f 3400 3404 3433 3429
f 3375 3379 3403 3399
f 3318 3322 3378 3374
f 3288 3292 3321 3317
f 3267 3271 3291 3287
f 3231 3171 3270 3266
f 3144 3146 3168 3166
f 3123 3125 3145 3143
f 3093 3095 3124 3122
f 3035 3037 3094 3092
f 3012 3036 3034 3010
f 2982 3011 3009 2980
f 2961 2981 2979 2959
f 2910 2960 2958 2908
f 2876 2878 2909 2907
f 2848 2850 2877 2875
f 2828 2830 2849 2847
f 2798 2800 2829 2827
f 2778 2780 2799 2797
f 2734 2736 2779 2777
f 2716 2735 2733 2714
f 2691 2715 2713 2689
f 2675 2690 2688 2673
f 2665 2674 2672 2663
f 2650 2664 2662 2648
f 2618 2649 3746 2635
f 3711 3693 3330
f 2885 2862 2860 2882
f 3811 3174 3391 3553
f 2856 3018 3174 3812
f 3226 3813 3553 3539
f 2870 2856 2561 3226
f 2769 2687 2895 2853
f 2924 2742 2771 2867
f 3638 3655 3485 3542
f 3514 3704 3640 3556
f 3303 3497 3509 3394
f 2900 2905 3107 3015
f 3117 3163 3293 3173
f 3716 3696 3639
f 3701 3717 3350
f 2580 2600 2758
f 2599 2602 2751
f 2620 2637 2761
f 2636 2644 2752
f 2654 2640 2760
f 2641 2626 2768
f 2702 2697 2763
f 2698 2682 2770
f 3453 3190 3503
f 3431 3189 3452
f 3377 3192 3402
f 3432 3401 3191
f 3289 3185 3319
f 3376 3320 3187
f 3170 3188 3269
f 3290 3268 3186
f 3743 2563 3761
f 3733 3737 3750
f 3706 3720 3653
f 3745 3649 3729
f 3764 3646 3744
f 3719 3730 3652
f 3791 3802 3651
f 3782 3650 3801
f 3765 3778 3647
f 3792 3648 3779
f 3703 3699 3718
f 3788 3808 3354
f 3776 3351 3797
f 3356 3777 3762
f 3798 3353 3807
f 3735 3725 3352
f 3713 3355 3726
f 3763 3748 3357
f 3736 3358 3749
f 3780 3799 3795
f 2931 2869 3223
f 2772 2855 2868
f 2901 3016 2854
f 3116 3172 3017
f 3294 3392 3175
f 3508 3555 3393
f 3637 3541 3554
f 3478 3229 3540
f 3466 3361 3335
f 3336 3307 3470
f 3253 3469 3275
f 3306 3274 3467
f 3468 3252 3227
f 3236 3228 3254
f 3068 2939 3098
f 3069 3041 2943
f 3040 3020 2938
f 3225 3151 2941
f 3149 3224 3235
f 3150 3128 2940
f 3099 2942 3129
f 3473 3519 3486
f 3437 3472 3457
f 3487 3458 3477
f 3475 3407 3383
f 3417 3474 3438
f 3408 3476 3418
f 2996 2934 3019
f 2986 2964 2935
f 2933 2995 2985
f 2936 2917 2884
f 2965 2946 2937
f 2916 2932 2945
f 2925 2881 2858
f 2815 2926 2835
f 2859 2836 2930
f 2928 2786 2743
f 2806 2929 2816
f 2785 2927 2805
f 2741 2722 2765
f 2767 2679 2655
f 2701 2762 2721
f 2766 2609 2590
f 2608 2764 2625
f 2589 3167 2756
f 2579 2755 2647
f 2619 2759 2603
f 2753 2670 2685
f 2645 2661 2757
f 2671 2754 2660
f 2904 2899 2874
f 2845 2873 2896
f 2686 2712 2894
f 2731 2892 2711
f 2732 2776 2893
f 2795 2891 2775
f 3121 3115 3091
f 3033 3090 3113
f 3162 3114 3142
f 3120 3141 3112
f 2906 2956 3109
f 2977 3110 2957
f 2978 3008 3111
f 3032 3108 3007
f 3425 3299 3395
f 3371 3396 3302
f 3496 3301 3447
f 3426 3446 3300
f 3164 3262 3296
f 3284 3298 3263
f 3283 3313 3295
f 3370 3297 3314
f 3666 3516 3627
f 3608 3628 3518
f 3705 3515 3686
f 3667 3687 3517
f 3498 3529 3510
f 3558 3513 3530
f 3557 3577 3511
f 3607 3512 3578
f 3781 3766 3641
f 3752 3643 3767
f 3751 3740 3645
f 3642 3676 3656
f 3677 3644 3697
f 3654 3617 3481
f 3597 3587 3480
f 3618 3598 3482
f 3484 3545 3522
f 3588 3568 3483
f 3544 3479 3567
f 2889 2921 3210
f 3240 2970 2991
f 2992 3001 3241
f 3002 3027 3243
f 3211 2951 2972
f 2950 3208 2920
f 3074 3104 3134
f 3048 3136 3158
f 3046 3157 3026
f 3075 3135 3047
f 3209 2971 3242
f 3239 3025 3156
f 2750 2791 3204
f 2812 2822 3206
f 2792 2811 3205
f 3202 2864 2887
f 2821 2841 3203
f 2865 3207 2842
f 2596 2612 3064
f 2657 3066 2633
f 3061 2656 2681
f 2632 3065 2613
f 3062 2727 2748
f 2680 2708 3060
f 2728 3063 2707
f 2692 2676 3052
f 2667 3057 2677
f 2621 3056 2651
f 2666 2652 3053
f 3054 2575 2595
f 2605 2586 3058
f 2622 2604 3051
f 2576 3055 2585
f 2911 2879 3084
f 2852 3085 2880
f 2851 2831 3083
f 2802 3086 2832
f 2737 3081 2782
f 2801 2781 3079
f 2694 3080 2717
f 2738 2718 3082
f 3169 3147 3181
f 3126 3183 3148
f 3127 3097 3184
f 3039 3182 3096
f 3038 3013 3177
f 2983 3178 3014
f 2984 2963 3180
f 2913 3179 2962
f 3672 3328 3692
f 3673 3633 3329
f 3614 3331 3634
f 3564 3327 3584
f 3613 3583 3324
f 3505 3326 3536
f 3563 3535 3325
f 3663 3683 3348
f 3700 3347 3682
f 3346 3773 3787
f 3757 3344 3739
f 3772 3345 3758
f 3221 3528 3551
f 3594 3220 3574
f 3550 3573 3216
f 3219 3624 3661
f 3603 3217 3593
f 3623 3218 3604
f 3369 3389 3260
f 3259 3280 3367
f 3282 3312 3342
f 3261 3390 3248
f 3214 3245 3444
f 3281 3341 3368
f 3213 3494 3526
f 3445 3247 3424
f 3413 3244 3388
f 3423 3246 3414
f 3465 3495 3215
f 3212 3443 3464
f 2897 2796 2825
f 2898 2826 2846
f 3471 3382 3362
f 3698 3681 3679
f 3680 3660 3658 3678
f 3659 3622 3620 3657
f 3621 3602 3600 3619
f 3601 3592 3590 3599
f 3591 3572 3570 3589
f 3571 3548 3546 3569
f 3547 3524 3521 3543
f 3523 3491 3489 3520
f 3490 3461 3459 3488
f 3460 3440 3436 3456
f 3439 3420 3416 3435
f 3419 3410 3406 3415
f 3409 3385 3381 3405
f 3384 3364 3360 3380
f 3363 3338 3334 3359
f 3337 3309 3305 3333
f 3308 3277 3273 3304
f 3276 3256 3251 3272
f 3255 2570 3234 3250
f 3232 3155 3153 3237
f 3154 3133 3131 3152
f 3132 3103 3101 3130
f 3102 3073 3071 3100
f 3072 3045 3043 3070
f 3044 3024 3022 3042
f 3023 3000 2998 3021
f 2999 2990 2988 2997
f 2989 2969 2967 2987
f 2968 2949 2947 2966
f 2948 2919 2915 2944
f 2918 2886 2883 2914
f 2861 2838 2834 2857
f 2837 2818 2814 2833
f 2817 2808 2804 2813
f 2807 2788 2784 2803
f 2787 2745 2740 2783
f 2744 2724 2720 2739
f 2723 2704 2700 2719
f 2703 2695 2699
f 2639 2629 2624
f 2627 2617 2607 2623
f 2615 2592 2588 2606
f 2591 2572 3200 2587
f 2571 2581 2577 3194
f 2582 2598 2578
f 2634 2646 2642
f 2648 2662 2658 2643
f 2663 2672 2668 2659
f 2673 2688 2683 2669
f 2689 2713 2709 2684
f 2714 2733 2729 2710
f 2734 2777 2773 2730
f 2778 2797 2793 2774
f 2798 2827 2823 2794
f 2828 2847 2843 2824
f 2848 2875 2871 2844
f 2876 2907 2902 2872
f 2908 2958 2954 2903
f 2959 2979 2975 2955
f 2980 3009 3005 2976
f 3010 3034 3030 3006
f 3035 3092 3088 3031
f 3093 3122 3118 3089
f 3123 3143 3139 3119
f 3144 3166 3161 3140
f 3231 3266 3264 3165
f 3267 3287 3285 3265
f 3288 3317 3315 3286
f 3318 3374 3372 3316
f 3375 3399 3397 3373
f 3400 3429 3427 3398
f 3430 3450 3448 3428
f 3451 3501 3499 3449
f 3502 3533 3531 3500
f 3534 3561 3559 3532
f 3562 3581 3579 3560
f 3582 3611 3609 3580
f 3612 3631 3629 3610
f 3632 3670 3668 3630
f 3671 3690 3688 3669
f 3691 3709 3707 3689
f 3710 3723 3721 3708
f 3724 3734 3731 3722
f 3732 3733 3747 3742
f 3780 3795 3793
f 3794 3796 3806 3804
f 3805 3786 3784 3803
f 3785 3771 3769 3783
f 3770 3756 3754 3768
f 3755 3741 3753

o cut_08
v -0.000166 0.599364 0.000000
v -0.000166 -0.600512 0.000000
v 0.999998 0.280185 0.000000
v -0.000041 0.280185 -1.000000
v -0.737969 0.289670 -0.810040
v -0.367295 0.517636 -0.661658
v -0.374227 0.290316 -0.967492
v -0.565830 0.304722 -0.908741
v -0.367295 0.517636 -0.661658
v -0.000039 0.304444 -1.000000
v -0.374227 0.290316 -0.967492
v -0.367295 0.517636 -0.661658
v 0.303715 0.288163 -0.985820
v -0.000039 0.304444 -1.000000
v 0.366316 0.517552 -0.664479
v 0.564441 0.304593 -0.913229
v 0.303715 0.288163 -0.985820
v 0.366316 0.517552 -0.664479
v 0.714187 0.290494 -0.830726
v 0.564441 0.304593 -0.913229
v 0.366316 0.517552 -0.664479
v 0.878296 0.305099 -0.661208
v 0.714187 0.290494 -0.830726
v 0.366316 0.517552 -0.664479
v 0.945636 0.289125 -0.504884
v 0.878296 0.305099 -0.661208
v 0.727188 0.518370 -0.264908
v 0.979391 0.305773 -0.341339
v 0.945636 0.289125 -0.504884
v 0.727188 0.518370 -0.264908
v 0.991137 0.291782 -0.198454
v 0.979391 0.305773 -0.341339
v 0.727188 0.518370 -0.264908
v 1.000000 0.306487 0.000000
v 0.991137 0.291782 -0.198454
v 0.727188 0.518370 -0.264908
v 0.996835 0.290544 0.160813
v 1.000000 0.306487 0.000000
v 0.733147 0.519455 0.242129
v 0.984505 0.307203 0.326773
v 0.996835 0.290544 0.160813
v 0.733147 0.519455 0.242129
v 0.964098 0.293207 0.449074
v 0.984505 0.307203 0.326773
v 0.733147 0.519455 0.242129
v 0.894351 0.307890 0.643470
v 0.964098 0.293207 0.449074
v 0.733147 0.519455 0.242129
v 0.755400 0.292950 0.795931
v 0.894351 0.307890 0.643470
v 0.376243 0.520341 0.638606
v 0.582613 0.308454 0.891316
v 0.755400 0.292950 0.795931
v 0.376243 0.520341 0.638606
v 0.386557 0.294338 0.948649
v 0.582613 0.308454 0.891316
v 0.376243 0.520341 0.638606
v -0.000166 0.308726 1.000000
v 0.386557 0.294338 0.948649
v 0.376243 0.520341 0.638606
v -0.315299 0.292406 0.966046
v -0.000166 0.308726 1.000000
v -0.376044 0.520425 0.641026
v -0.582362 0.308585 0.895060
v -0.315299 0.292406 0.966046
v -0.376044 0.520425 0.641026
v -0.732677 0.294170 0.815412
v -0.582362 0.308585 0.895060
v -0.376044 0.520425 0.641026
v -0.891585 0.308091 0.649213
v -0.732677 0.294170 0.815412
v -0.376044 0.520425 0.641026
v -0.956821 0.292445 0.475495
v -0.891585 0.308091 0.649213
v -0.732031 0.519619 0.246888
v -0.981859 0.307424 0.333106
v -0.956821 0.292445 0.475495
v -0.732031 0.519619 0.246888
v -0.993364 0.291834 0.187909
v -0.981859 0.307424 0.333106
v -0.732031 0.519619 0.246888
v -0.999997 0.306712 -0.000518
v -0.993364 0.291834 0.187909
v -0.732031 0.519619 0.246888
v -0.994559 0.291028 -0.188564
v -0.999997 0.306712 -0.000518
v -0.728495 0.518534 -0.259947
v -0.982111 0.305994 -0.334903
v -0.994559 0.291028 -0.188564
v -0.728495 0.518534 -0.259947
v -0.953654 0.290404 -0.477877
v -0.982111 0.305994 -0.334903
v -0.728495 0.518534 -0.259947
v -0.881527 0.305298 -0.654904
v -0.953654 0.290404 -0.477877
v -0.728495 0.518534 -0.259947
v -0.881527 0.305298 -0.654904
v -0.367295 0.517636 -0.661658
v 0.999996 0.252991 0.000000
v 0.999996 0.252991 0.000000
v 0.996836 0.270381 0.161203
v 0.996836 0.270381 0.161203
v 0.996836 0.280185 0.161007
v 0.996835 0.290544 0.160813
v 0.991137 0.291782 -0.198454
v 0.991137 0.280185 -0.198454
v 0.991137 0.267441 -0.198454
v 0.991137 0.267441 -0.198454
v 0.984509 0.253707 0.327810
v 0.984509 0.253707 0.327810
v 0.984507 0.280185 0.327292
v 0.984505 0.307203 0.326773
v 0.979391 0.305773 -0.341339
v 0.979389 0.280185 -0.340821
v 0.979387 0.252277 -0.340302
v 0.979387 0.252277 -0.340302
v 0.964098 0.293207 0.449074
v 0.964098 0.293207 0.449074
v 0.964096 0.280185 0.449309
v 0.964096 0.280185 0.449309
v 0.964094 0.268867 0.449545
v 0.964094 0.268867 0.449545
v 0.964094 0.268867 0.449545
v 0.945641 0.268961 -0.504493
v 0.945641 0.268961 -0.504493
v 0.945641 0.268961 -0.504493
v 0.945638 0.280185 -0.504689
v 0.945638 0.280185 -0.504689
v 0.945636 0.289125 -0.504884
v 0.945636 0.289125 -0.504884
v 0.894351 0.307890 0.643470
v 0.894351 0.307890 0.643470
v 0.894351 0.307890 0.643470
v 0.894349 0.280185 0.643988
v 0.894349 0.280185 0.643988
v 0.894347 0.254394 0.644506
v 0.894347 0.254394 0.644506
v 0.894347 0.254394 0.644506
v 0.894347 0.254394 0.644506
v 0.878296 0.305099 -0.661208
v 0.878296 0.305099 -0.661208
v 0.878296 0.305099 -0.661208
v 0.878295 0.280185 -0.660689
v 0.878295 0.280185 -0.660689
v 0.878293 0.251603 -0.660171
v 0.878293 0.251603 -0.660171
v 0.878293 0.251603 -0.660171
v 0.878293 0.251603 -0.660171
v 0.755400 0.292950 0.795931
v 0.755400 0.292950 0.795931
v 0.755397 0.280185 0.796147
v 0.755397 0.280185 0.796147
v 0.755392 0.270699 0.796363
v 0.755392 0.270699 0.796363
v 0.755392 0.270699 0.796363
v 0.733147 0.519455 0.242129
v 0.733147 0.519455 0.242129
v 0.733147 0.519455 0.242129
v 0.727188 0.518370 -0.264908
v 0.727188 0.518370 -0.264908
v 0.727188 0.518370 -0.264908
v 0.714187 0.290494 -0.830726
v 0.714187 0.290494 -0.830726
v 0.714184 0.280185 -0.830490
v 0.714184 0.280185 -0.830490
v 0.714180 0.266154 -0.830254
v 0.714180 0.266154 -0.830254
v 0.714180 0.266154 -0.830254
v 0.586902 0.599306 -0.012509
v 0.586902 0.599306 -0.012509
v 0.586902 0.599306 -0.012509
v 0.586902 0.599306 -0.012509
v 0.582613 0.308454 0.891316
v 0.582613 0.308454 0.891316
v 0.582611 0.280185 0.891834
v 0.582611 0.280185 0.891834
v 0.582608 0.254958 0.892352
v 0.582608 0.254958 0.892352
v 0.582608 0.254958 0.892352
v 0.582608 0.254958 0.892352
v 0.564441 0.304593 -0.913229
v 0.564441 0.304593 -0.913229
v 0.564435 0.280185 -0.912714
v 0.564435 0.280185 -0.912714
v 0.564430 0.251096 -0.912198
v 0.564430 0.251096 -0.912198
v 0.564430 0.251096 -0.912198
v 0.564430 0.251096 -0.912198
v 0.515070 0.599701 0.168659
v 0.515070 0.599701 0.168659
v 0.511161 0.598925 -0.193829
v 0.511161 0.598925 -0.193829
v 0.456611 0.600107 0.355427
v 0.456611 0.600107 0.355427
v 0.456611 0.600107 0.355427
v 0.456611 0.600107 0.355427
v 0.449413 0.598530 -0.381566
v 0.449413 0.598530 -0.381566
v 0.449413 0.598530 -0.381566
v 0.449413 0.598530 -0.381566
v 0.386557 0.294338 0.948649
v 0.386557 0.294338 0.948649
v 0.386556 0.280185 0.948885
v 0.386556 0.280185 0.948885
v 0.386554 0.269997 0.949121
v 0.386554 0.269997 0.949121
v 0.386554 0.269997 0.949121
v 0.376243 0.520341 0.638606
v 0.376243 0.520341 0.638606
v 0.376243 0.520341 0.638606
v 0.366316 0.517552 -0.664479
v 0.366316 0.517552 -0.664479
v 0.366316 0.517552 -0.664479
v 0.303715 0.288163 -0.985820
v 0.303715 0.288163 -0.985820
v 0.303713 0.280185 -0.985626
v 0.303713 0.280185 -0.985626
v 0.303711 0.267999 -0.985431
v 0.303711 0.267999 -0.985431
v 0.303711 0.267999 -0.985431
v 0.239326 0.600308 0.438478
v 0.239326 0.600308 0.438478
v 0.234337 0.598375 -0.464507
v 0.234337 0.598375 -0.464507
v 0.188432 -0.446745 0.064081
v 0.188432 -0.446745 0.064081
v 0.187759 -0.447035 -0.071235
v 0.187759 -0.447035 -0.071235
v 0.079444 -0.446527 0.160648
v 0.079444 -0.446527 0.160648
v 0.078668 -0.447229 -0.167431
v 0.078668 -0.447229 -0.167431
v -0.000030 0.600512 0.522111
v -0.000030 0.600512 0.522111
v -0.000030 0.600512 0.522111
v -0.000030 0.600512 0.522111
v -0.000039 0.304444 -1.000000
v -0.000039 0.304444 -1.000000
v -0.000039 0.304444 -1.000000
v -0.000041 0.280185 -1.000000
v -0.000166 0.280185 1.000000
v -0.000042 0.250947 -1.000000
v -0.000042 0.250947 -1.000000
v -0.000042 0.250947 -1.000000
v -0.000166 -0.600512 0.000000
v -0.000166 -0.600512 0.000000
v -0.000166 -0.600512 0.000000
v 1.000000 0.306487 0.000000
v -0.000166 -0.600512 0.000000
v -0.000166 -0.600512 0.000000
v -0.000166 -0.600512 0.000000
v -0.737969 0.289670 -0.810040
v -0.000166 0.308726 1.000000
v -0.000166 0.308726 1.000000
v -0.000166 0.308726 1.000000
v -0.000166 0.280185 1.000000
v 1.000000 0.306487 0.000000
v -0.565830 0.304722 -0.908741
v -0.000166 0.255229 1.000000
v -0.000166 0.255229 1.000000
v -0.000166 0.255229 1.000000
v -0.000300 0.598222 -0.547632
v -0.000300 0.598222 -0.547632
v -0.000300 0.598222 -0.547632
v -0.000300 0.598222 -0.547632
v -0.079136 -0.447211 -0.166879
v -0.079136 -0.447211 -0.166879
v -0.079568 -0.446509 0.161175
v -0.079568 -0.446509 0.161175
v -0.188125 -0.446993 -0.069947
v -0.188125 -0.446993 -0.069947
v -0.188617 -0.446703 0.065344
v -0.188617 -0.446703 0.065344
v -0.235050 0.598428 -0.462765
v -0.235050 0.598428 -0.462765
v -0.239150 0.600361 0.440025
v -0.239150 0.600361 0.440025
v -0.315298 0.272243 0.966436
v -0.315298 0.272243 0.966436
v -0.315298 0.272243 0.966436
v -0.315298 0.280185 0.966241
v -0.315298 0.280185 0.966241
v -0.315299 0.292406 0.966046
v -0.315299 0.292406 0.966046
v -0.367295 0.517636 -0.661658
v -0.367295 0.517636 -0.661658
v -0.367295 0.517636 -0.661658
v -0.374226 0.265976 -0.967023
v -0.374226 0.265976 -0.967023
v -0.374226 0.265976 -0.967023
v -0.374227 0.280185 -0.967258
v -0.374227 0.280185 -0.967258
v -0.374227 0.290316 -0.967492
v -0.374227 0.290316 -0.967492
v -0.376044 0.520425 0.641026
v -0.376044 0.520425 0.641026
v -0.376044 0.520425 0.641026
v -0.450387 0.598632 -0.378331
v -0.450387 0.598632 -0.378331
v -0.450387 0.598632 -0.378331
v -0.450387 0.598632 -0.378331
v -0.456028 0.600210 0.358387
v -0.456028 0.600210 0.358387
v -0.456028 0.600210 0.358387
v -0.456028 0.600210 0.358387
v -0.511797 0.599041 -0.190303
v -0.511797 0.599041 -0.190303
v -0.514678 0.599817 0.172038
v -0.514678 0.599817 0.172038
v -0.565830 0.304722 -0.908741
v -0.565830 0.304722 -0.908741
v -0.565831 0.280185 -0.908223
v -0.565831 0.280185 -0.908223
v -0.565832 0.251225 -0.907705
v -0.565832 0.251225 -0.907705
v -0.565832 0.251225 -0.907705
v -0.565832 0.251225 -0.907705
v -0.582362 0.308585 0.895060
v -0.582362 0.308585 0.895060
v -0.582363 0.280185 0.895578
v -0.582363 0.280185 0.895578
v -0.582364 0.255088 0.896097
v -0.582364 0.255088 0.896097
v -0.582364 0.255088 0.896097
v -0.582364 0.255088 0.896097
v -0.586990 0.599438 -0.008593
v -0.586990 0.599438 -0.008593
v -0.586990 0.599438 -0.008593
v -0.586990 0.599438 -0.008593
v -0.728495 0.518534 -0.259947
v -0.728495 0.518534 -0.259947
v -0.728495 0.518534 -0.259947
v -0.732031 0.519619 0.246888
v -0.732031 0.519619 0.246888
v -0.732031 0.519619 0.246888
v -0.732671 0.269831 0.815883
v -0.732671 0.269831 0.815883
v -0.732671 0.269831 0.815883
v -0.732674 0.280185 0.815648
v -0.732674 0.280185 0.815648
v -0.732677 0.294170 0.815412
v -0.732677 0.294170 0.815412
v -0.737965 0.267419 -0.809610
v -0.737965 0.267419 -0.809610
v -0.737965 0.267419 -0.809610
v -0.737967 0.280185 -0.809825
v -0.737967 0.280185 -0.809825
v -0.737969 0.289670 -0.810040
v -0.737969 0.289670 -0.810040
v -0.881527 0.305298 -0.654904
v -0.881527 0.305298 -0.654904
v -0.881527 0.305298 -0.654904
v -0.881529 0.280185 -0.654386
v -0.881529 0.280185 -0.654386
v -0.881530 0.251802 -0.653868
v -0.881530 0.251802 -0.653868
v -0.881530 0.251802 -0.653868
v -0.881530 0.251802 -0.653868
v -0.891585 0.308091 0.649213
v -0.891585 0.308091 0.649213
v -0.891585 0.308091 0.649213
v -0.891587 0.280185 0.649732
v -0.891587 0.280185 0.649732
v -0.891588 0.254594 0.650250
v -0.891588 0.254594 0.650250
v -0.891588 0.254594 0.650250
v -0.891588 0.254594 0.650250
v -0.953654 0.290404 -0.477877
v -0.953654 0.290404 -0.477877
v -0.953657 0.280185 -0.477661
v -0.953657 0.280185 -0.477661
v -0.953660 0.268152 -0.477446
v -0.953660 0.268152 -0.477446
v -0.953660 0.268152 -0.477446
v -0.956821 0.292445 0.475495
v -0.956821 0.292445 0.475495
v -0.956823 0.280185 0.475710
v -0.956823 0.280185 0.475710
v -0.956825 0.270194 0.475926
v -0.956825 0.270194 0.475926
v -0.956825 0.270194 0.475926
v -0.981859 0.307424 0.333106
v -0.981860 0.280185 0.333624
v -0.981862 0.253928 0.334142
v -0.981862 0.253928 0.334142
v -0.982111 0.305994 -0.334903
v -0.982114 0.280185 -0.334384
v -0.982119 0.252498 -0.333866
v -0.982119 0.252498 -0.333866
v -0.993364 0.291834 0.187909
v -0.993366 0.280708 0.188124
v -0.993368 0.269582 0.188339
v -0.993368 0.269582 0.188339
v -0.994559 0.291028 -0.188564
v -0.994561 0.280185 -0.188349
v -0.994562 0.268776 -0.188133
v -0.994562 0.268776 -0.188133
v -0.999997 0.306712 -0.000518
v -0.999997 0.306712 -0.000518
v -0.999999 0.280185 0.000000
v -1.000000 0.253215 0.000518
v -1.000000 0.253215 0.000518
v 0.999996 0.252991 0.000000
v 0.999998 0.280185 0.000000
v -0.000166 -0.600512 0.000000
v 0.999996 0.252991 0.000000
v 0.187759 -0.447035 -0.071235
v 0.999996 0.252991 0.000000
v 0.586902 0.599306 -0.012509
v -0.000166 0.599364 0.000000
v -0.000166 0.599364 0.000000
v -0.000166 0.599364 0.000000
v -0.000166 0.599364 0.000000
v -0.000166 0.599364 0.000000
v -0.000166 0.599364 0.000000
v -0.000166 0.599364 0.000000
v 0.999998 0.280185 0.000000
v 1.000000 0.306487 0.000000
f 4065 3910 3911
f 4071 3818 3819
f 3820 3821 3822
f 3823 3824 3825
f 3826 3827 3828
f 3829 3830 3831
f 3832 3833 3834
f 3835 3836 3837
f 3838 3839 3840
f 3841 3842 3843
f 3844 3845 3846
f 3847 3848 3849
f 3850 3851 3852
f 3853 3854 3855
f 3856 3857 3858
f 3859 3860 3861
f 3862 3863 3864
f 3865 3866 3867
f 3868 3869 3870
f 3871 3872 3873
f 3874 3875 3876
f 3877 3878 3879
f 3880 3881 3882
f 3883 3884 3885
f 3886 3887 3888
f 3889 3890 3891
f 3892 3893 3894
f 3895 3896 3897
f 3898 3899 3900
f 3901 3902 3903
f 3904 3905 3906
f 3907 3908 3909
f 3916 3914 4216 4217
f 4214 4084 4063 4086
f 4168 4080 4218 4083
f 4056 4045 3815 4079
f 3952 4042 4058 4039
f 4219 4038 4060 4220
f 4135 4081 4072 4092
f 3991 4042 3952 3968
f 4072 4043 3993 4019
f 4177 4082 4137 4149
f 4197 4086 4178 4192
f 4214 4086 4197 4205
f 4201 4084 4214 4209
f 4169 4084 4201 4185
f 4129 4080 4168 4156
f 4056 4079 4127 4102
f 4001 4045 4056 4032
f 3961 4044 3999 3981
f 3929 4040 3960 3939
f 3913 4040 3929 3921
f 3923 4038 4221 3915
f 3951 4038 3923 3936
f 3961 4041 4059 4044
f 4072 4081 4062 4043
f 4177 4085 4064 4082
f 4222 4223 4009 4003
f 4048 4035 4009 4224
f 4115 4089 4048 4225
f 4076 4087 4111 4226
f 4013 4037 4076 4227
f 4046 4022 4008 4034
f 4007 3971 3984 4002
f 3983 3974 4011 4004
f 4012 4025 4075 4036
f 4113 4143 4141 4120
f 4140 4146 4117 4122
f 4116 4109 4049 4090
f 4108 4067 4023 4047
f 4021 3946 3970 4006
f 3969 4070 3972 3982
f 3973 3955 4024 4010
f 4026 4050 4098 4077
f 4100 4163 4144 4114
f 4145 4211 4148 4142
f 4147 4172 4110 4118
f 4228 4139 4121 4115
f 4229 4111 4119 4139
f 4078 4099 4112 4088
f 3985 4005 4013 3814
f 3916 4230 4231 3917
f 3912 3920 3919 3816
f 3816 3919 3918 4061
f 3920 3928 3927 3919
f 3919 3927 3926 3918
f 3928 3937 3940 3927
f 3927 3940 3942 3926
f 3938 3958 3956 3941
f 3941 3956 3953 3943
f 3959 3979 3977 3957
f 3957 3977 3975 3954
f 3980 3998 3996 3978
f 3978 3996 3994 3976
f 4000 4031 4029 3997
f 3997 4029 4027 3995
f 4033 4055 4053 4030
f 4030 4053 4051 4028
f 4057 4101 4104 3817
f 3817 4104 4106 4052
f 4103 4128 4125 4105
f 4105 4125 4123 4107
f 4130 4157 4159 4126
f 4126 4159 4161 4124
f 4158 4170 4166 4160
f 4160 4166 4164 4162
f 4171 4186 4183 4167
f 4167 4183 4181 4165
f 4187 4202 4200 4184
f 4184 4200 4199 4182
f 4202 4210 4208 4200
f 4200 4208 4207 4199
f 4210 4215 4213 4208
f 4208 4213 4212 4207
f 4215 4206 4204 4213
f 4213 4204 4203 4212
f 4204 4206 4198 4196
f 4204 4196 4195 4203
f 4198 4194 4191 4196
f 4196 4191 4189 4195
f 4193 4180 4176 4190
f 4190 4176 4174 4188
f 4179 4151 4153 4175
f 4175 4153 4155 4173
f 4150 4138 4134 4152
f 4152 4134 4132 4154
f 4136 4093 4095 4133
f 4133 4095 4097 4131
f 4091 4074 4054 4094
f 4094 4054 4068 4096
f 4073 4020 4017 4069
f 4069 4017 4015 4066
f 4018 3992 3989 4016
f 4016 3989 3987 4014
f 3990 3967 3965 3988
f 3988 3965 3963 3986
f 3966 3950 3948 3964
f 3964 3948 3945 3962
f 3949 3935 3933 3947
f 3947 3933 3931 3944
f 3934 3922 3924 3932
f 3932 3924 3925 3930
f 3922 3914 3916 3924
f 3924 3916 3917 3925

o cut_09
v 0.000000 0.710000 0.000000
v 0.000000 -0.710000 0.000000
v 1.000000 0.417000 0.000000
v 0.000000 0.417000 -1.000000
v 1.000000 0.417000 -0.700000
v 1.000000 0.417000 -0.700000
v 1.000000 0.394000 -0.700000
v 1.000000 0.394000 -0.700000
v 1.000000 0.394000 -0.700000
v 1.000000 0.394000 -0.700000
v 1.000000 0.394000 -0.700000
v 1.000000 0.440000 -0.700000
v 1.000000 0.440000 0.700000
v 1.000000 0.440000 0.700000
v 1.000000 0.440000 0.700000
v 1.000000 0.440000 0.700000
v 1.000000 0.417000 0.700000
v 1.000000 0.417000 0.700000
v 1.000000 0.394000 0.700000
v 1.000000 0.394000 0.700000
v 1.000000 0.394000 0.700000
v 1.000000 0.394000 0.700000
v 1.000000 0.394000 0.700000
v 0.859200 0.558000 -0.641600
v 0.859200 0.558000 -0.641600
v 0.859200 0.558000 -0.641600
v 0.859200 0.558000 -0.641600
v 0.859200 0.558000 -0.641600
v 0.859200 0.558000 0.641600
v 0.859200 0.558000 0.641600
v 0.859200 0.558000 0.641600
v 0.859200 0.558000 0.641600
v 0.859200 0.558000 0.641600
v 0.800000 0.097800 -0.352600
v 0.800000 0.097800 -0.352600
v 0.800000 0.097800 -0.352600
v 0.800000 0.097800 -0.352600
v 0.800000 0.097800 0.352600
v 0.800000 0.097800 0.352600
v 0.800000 0.097800 0.352600
v 0.800000 0.097800 0.352600
v 0.700000 0.440000 -1.000000
v 0.700000 0.440000 -1.000000
v 0.700000 0.440000 -1.000000
v 0.700000 0.440000 -1.000000
v 0.700000 0.417000 -1.000000
v 0.700000 0.417000 -1.000000
v 0.700000 0.394000 -1.000000
v 0.700000 0.394000 -1.000000
v 0.700000 0.394000 -1.000000
v 0.700000 0.394000 -1.000000
v 0.700000 0.394000 -1.000000
v 0.700000 0.440000 1.000000
v 0.700000 0.440000 1.000000
v 0.700000 0.440000 1.000000
v 0.700000 0.440000 1.000000
v 0.700000 0.417000 1.000000
v 0.700000 0.417000 1.000000
v 0.700000 0.394000 1.000000
v 0.700000 0.394000 1.000000
v 0.700000 0.394000 1.000000
v 0.700000 0.394000 1.000000
v 0.700000 0.394000 1.000000
v 0.648000 0.710000 0.000000
v 0.648000 0.710000 0.000000
v 0.648000 0.710000 0.000000
v 0.648000 0.710000 0.000000
v 0.641600 0.558000 -0.859200
v 0.641600 0.558000 -0.859200
v 0.641600 0.558000 -0.859200
v 0.641600 0.558000 -0.859200
v 0.641600 0.558000 -0.859200
v 0.641600 0.558000 0.859200
v 0.641600 0.558000 0.859200
v 0.641600 0.558000 0.859200
v 0.641600 0.558000 0.859200
v 0.641600 0.558000 0.859200
v 0.632000 -0.133200 0.000000
v 0.632000 -0.133200 0.000000
v 0.632000 -0.133200 0.000000
v 0.615000 -0.031000 -0.614999
v 0.615000 -0.031000 -0.614999
v 0.615000 -0.031000 -0.614999
v 0.615000 -0.031000 -0.614999
v 0.615000 -0.031000 0.615000
v 0.615000 -0.031000 0.615000
v 0.615000 -0.031000 0.615000
v 0.615000 -0.031000 0.615000
v 0.591000 0.710000 -0.591000
v 0.591000 0.710000 -0.591000
v 0.591000 0.710000 -0.591000
v 0.591000 0.710000 -0.591000
v 0.591000 0.710000 0.591000
v 0.591000 0.710000 0.591000
v 0.591000 0.710000 0.591000
v 0.591000 0.710000 0.591000
v 0.352600 0.097800 -0.800000
v 0.352600 0.097800 -0.800000
v 0.352600 0.097800 -0.800000
v 0.352600 0.097800 -0.800000
v 0.352600 0.097800 0.800000
v 0.352600 0.097800 0.800000
v 0.352600 0.097800 0.800000
v 0.352600 0.097800 0.800000
v 0.240000 -0.577600 0.000000
v 0.240000 -0.577600 0.000000
v 0.240000 -0.577600 0.000000
v 0.240000 -0.577600 0.000000
v 0.240000 -0.577600 0.000000
v 0.240000 -0.577600 0.000000
v 1.000000 0.440000 -0.700000
v 0.000000 0.710000 -0.648000
v 0.000000 0.710000 -0.648000
v 0.000000 0.710000 -0.648000
v 0.000000 0.710000 -0.648000
v 0.000000 -0.133200 -0.632000
v 0.000000 -0.133200 -0.632000
v 0.000000 -0.133200 -0.632000
v 0.000000 -0.577600 -0.240000
v 0.000000 -0.577600 -0.240000
v 0.000000 -0.577600 -0.240000
v 0.000000 -0.577600 -0.240000
v 0.000000 -0.577600 -0.240000
v 0.000000 -0.577600 -0.240000
v 1.000000 0.440000 -0.700000
v 0.000000 -0.710000 0.000000
v 0.000000 -0.710000 0.000000
v 0.000000 -0.710000 0.000000
v 1.000000 0.440000 -0.700000
v 0.000000 -0.577600 0.240000
v 0.000000 -0.577600 0.240000
v 0.000000 -0.577600 0.240000
v 0.000000 -0.577600 0.240000
v 0.000000 -0.577600 0.240000
v 0.000000 -0.577600 0.240000
v 0.000000 -0.133200 0.632000
v 0.000000 -0.133200 0.632000
v 0.000000 -0.133200 0.632000
v 0.000000 0.710000 0.648000
v 0.000000 0.710000 0.648000
v 0.000000 0.710000 0.648000
v 0.000000 0.710000 0.648000
v -0.240000 -0.577600 0.000000
v -0.240000 -0.577600 0.000000
v -0.240000 -0.577600 0.000000
v -0.240000 -0.577600 0.000000
v -0.240000 -0.577600 0.000000
v -0.240000 -0.577600 0.000000
v -0.352600 0.097800 -0.800000
v -0.352600 0.097800 -0.800000
v -0.352600 0.097800 -0.800000
v -0.352600 0.097800 -0.800000
v -0.352600 0.097800 0.800000
v -0.352600 0.097800 0.800000
v -0.352600 0.097800 0.800000
v -0.352600 0.097800 0.800000
v -0.591000 0.710000 -0.591000
v -0.591000 0.710000 -0.591000
v -0.591000 0.710000 -0.591000
v -0.591000 0.710000 -0.591000
v -0.591000 0.710000 0.591000
v -0.591000 0.710000 0.591000
v -0.591000 0.710000 0.591000
v -0.591000 0.710000 0.591000
v -0.615000 -0.031000 -0.614999
v -0.615000 -0.031000 -0.614999
v -0.615000 -0.031000 -0.614999
v -0.615000 -0.031000 -0.614999
v -0.615000 -0.031000 0.615000
v -0.615000 -0.031000 0.615000
v -0.615000 -0.031000 0.615000
v -0.615000 -0.031000 0.615000
v -0.632000 -0.133200 0.000000
v -0.632000 -0.133200 0.000000
v -0.632000 -0.133200 0.000000
v -0.641600 0.558000 -0.859200
v -0.641600 0.558000 -0.859200
v -0.641600 0.558000 -0.859200
v -0.641600 0.558000 -0.859200
v -0.641600 0.558000 -0.859200
v -0.641600 0.558000 0.859200
v -0.641600 0.558000 0.859200
v -0.641600 0.558000 0.859200
v -0.641600 0.558000 0.859200
v -0.641600 0.558000 0.859200
v -0.648000 0.710000 0.000000
v -0.648000 0.710000 0.000000
v -0.648000 0.710000 0.000000
v -0.648000 0.710000 0.000000
v -0.700000 0.440000 -1.000000
v -0.700000 0.440000 -1.000000
v -0.700000 0.440000 -1.000000
v -0.700000 0.440000 -1.000000
v -0.700000 0.417000 -1.000000
v -0.700000 0.417000 -1.000000
v -0.700000 0.394000 -1.000000
v -0.700000 0.394000 -1.000000
v -0.700000 0.394000 -1.000000
v -0.700000 0.394000 -1.000000
v -0.700000 0.394000 -1.000000
v -0.700000 0.440000 1.000000
v -0.700000 0.440000 1.000000
v -0.700000 0.440000 1.000000
v -0.700000 0.440000 1.000000
v -0.700000 0.417000 1.000000
v -0.700000 0.417000 1.000000
v -0.700000 0.394000 1.000000
v -0.700000 0.394000 1.000000
v -0.700000 0.394000 1.000000
v -0.700000 0.394000 1.000000
v -0.700000 0.394000 1.000000
v -0.800000 0.097800 -0.352600
v -0.800000 0.097800 -0.352600
v -0.800000 0.097800 -0.352600
v -0.800000 0.097800 -0.352600
v -0.800000 0.097800 0.352600
v -0.800000 0.097800 0.352600
v -0.800000 0.097800 0.352600
v -0.800000 0.097800 0.352600
v -0.859200 0.558000 -0.641600
v -0.859200 0.558000 -0.641600
v -0.859200 0.558000 -0.641600
v -0.859200 0.558000 -0.641600
v -0.859200 0.558000 -0.641600
v -0.859200 0.558000 0.641600
v -0.859200 0.558000 0.641600
v -0.859200 0.558000 0.641600
v -0.859200 0.558000 0.641600
v -0.859200 0.558000 0.641600
v -1.000000 0.440000 -0.700000
v -1.000000 0.440000 -0.700000
v -1.000000 0.440000 -0.700000
v -1.000000 0.440000 -0.700000
v -1.000000 0.417000 -0.700000
v -1.000000 0.417000 -0.700000
v -1.000000 0.394000 -0.700000
v -1.000000 0.394000 -0.700000
v -1.000000 0.394000 -0.700000
v -1.000000 0.394000 -0.700000
v -1.000000 0.394000 -0.700000
v -1.000000 0.440000 0.700000
v -1.000000 0.440000 0.700000
v -1.000000 0.440000 0.700000
v -1.000000 0.440000 0.700000
v -1.000000 0.417000 0.700000
v -1.000000 0.417000 0.700000
v -1.000000 0.394000 0.700000
v -1.000000 0.394000 0.700000
v -1.000000 0.394000 0.700000
v -1.000000 0.394000 0.700000
v -1.000000 0.394000 0.700000
v 1.000000 0.417000 0.000000
v 1.000000 0.417000 0.000000
v 1.000000 0.394000 -0.700000
v 1.000000 0.417000 0.000000
v 1.000000 0.417000 0.000000
v 1.000000 0.440000 -0.700000
v 0.000000 0.710000 0.000000
v 0.648000 0.710000 0.000000
v 0.000000 0.710000 0.000000
v 0.000000 0.710000 0.000000
f 4237 4277 4273 4360
f 4241 4279 4277 4237
f 4248 4483 4244
f 4250 4484 4248
f 4234 4236 4356
f 4234 4238 4236
f 4250 4485 4486
f 4244 4487 4488
f 4251 4269 4265 4239
f 4284 4288 4249 4245
f 4288 4290 4253 4249
f 4433 4436 4289 4287
f 4436 4439 4294 4289
f 4474 4476 4437 4435
f 4476 4479 4442 4437
f 4466 4477 4475 4464
f 4466 4471 4482 4477
f 4426 4465 4463 4424
f 4431 4468 4465 4426
f 4235 4427 4425
f 4282 4235 4278
f 4282 4427 4235
f 4235 4425 4421
f 4278 4235 4275
f 4275 4235 4421
f 4470 4446 4450 4481
f 4489 4371 4327 4490
f 4345 4491 4298 4323
f 4388 4417 4492 4345
f 4417 4392 4371 4232
f 4472 4434 4416 4457
f 4462 4473 4460 4455
f 4423 4461 4452 4411
f 4276 4422 4407 4302
f 4342 4274 4299 4258
f 4246 4243 4255 4260
f 4285 4247 4263 4304
f 4432 4286 4308 4413
f 4349 4353 4382
f 4348 4381 4331
f 4347 4329 4352
f 4405 4379 4448
f 4406 4449 4445
f 4404 4444 4378
f 4334 4384 4368
f 4369 4386 4364
f 4367 4363 4333
f 4266 4270 4309
f 4311 4271 4337
f 4310 4336 4267
f 4280 4242 4313
f 4430 4398 4467
f 4478 4402 4441
f 4291 4317 4254
f 4264 4325 4305
f 4456 4415 4394
f 4410 4451 4390
f 4259 4300 4321
f 4393 4414 4373
f 4326 4370 4306
f 4372 4412 4307
f 4391 4453 4418
f 4395 4419 4458
f 4454 4459 4420
f 4322 4301 4343
f 4389 4346 4409
f 4303 4408 4344
f 4320 4296 4257
f 4324 4262 4297
f 4256 4295 4261
f 4283 4330 4380 4428
f 4281 4315 4351 4328
f 4438 4385 4335 4293
f 4440 4400 4365 4387
f 4480 4447 4377 4403
f 4469 4399 4376 4443
f 4429 4383 4354 4396
f 4240 4268 4338 4312
f 4252 4316 4339 4272
f 4292 4332 4362 4319
f 4401 4375 4233 4366
f 4318 4361 4358 4341
f 4314 4340 4357 4350
f 4397 4355 4359 4374

o cut_10
v 0.000000 0.536852 0.000000
v 0.000000 -0.492194 0.000000
v 0.578569 0.258297 0.000000
v 0.000000 0.258297 -1.000000
v -0.330268 -0.276156 -0.666667
v 0.000000 -0.536852 -0.380781
v -0.154871 -0.276156 0.666667
v 0.000000 -0.492194 0.000000
v 0.000000 -0.434360 0.493136
v -0.154871 -0.276156 0.666667
v 0.000000 -0.492194 0.000000
v 0.000000 -0.492194 0.000000
v 0.666400 0.271358 -0.666667
v 0.666400 0.271358 -0.666667
v 0.666400 0.258297 -0.666667
v 0.666400 0.258297 -0.666667
v 0.666400 0.245235 -0.666667
v 0.666400 0.245235 -0.666667
v 0.666400 0.245235 -0.666667
v 0.666400 0.245235 -0.666667
v 0.666400 0.245235 -0.666667
v 0.578569 0.258297 0.000000
v 0.666400 0.271358 -0.666667
v 0.578569 0.258297 0.000000
v 0.578569 0.258297 0.000000
v 0.519659 -0.015461 -0.666667
v 0.519659 -0.015461 -0.666667
v 0.519659 -0.015461 -0.666667
v 0.519659 -0.015461 -0.666667
v 0.490870 0.271358 0.666667
v 0.490870 0.271358 0.666667
v 0.490870 0.271358 0.666667
v 0.490870 0.271358 0.666667
v 0.490870 0.271358 0.666667
v 0.490870 0.271358 0.666667
v 0.490870 0.258297 0.666667
v 0.490870 0.258297 0.666667
v 0.490870 0.245235 0.666667
v 0.490870 0.245235 0.666667
v 0.490870 0.245235 0.666667
v 0.490870 0.245235 0.666667
v 0.490870 0.245235 0.666667
v 0.474077 0.271358 -1.000000
v 0.474077 0.271358 -1.000000
v 0.474077 0.271358 -1.000000
v 0.474077 0.271358 -1.000000
v 0.474077 0.271358 -1.000000
v 0.474077 0.258297 -1.000000
v 0.474077 0.258297 -1.000000
v 0.474077 0.245235 -1.000000
v 0.474077 0.245235 -1.000000
v 0.474077 0.245235 -1.000000
v 0.474077 0.245235 -1.000000
v 0.404638 -0.015461 -0.838998
v 0.404638 -0.015461 -0.838998
v 0.404638 -0.015461 -0.838998
v 0.404638 -0.015461 -0.838998
v 0.400906 0.481008 0.011596
v 0.400906 0.481008 0.011596
v 0.400906 0.481008 0.011596
v 0.400906 0.481008 0.011596
v 0.331467 -0.015461 0.666667
v 0.331467 -0.015461 0.666667
v 0.331467 -0.015461 0.666667
v 0.331467 -0.015461 0.666667
v 0.330268 0.536719 -0.666667
v 0.330268 0.536719 -0.666667
v 0.330268 0.536719 -0.666667
v 0.330268 0.536719 -0.666667
v 0.330268 0.536719 -0.666667
v 0.330268 0.536719 -0.666667
v 0.330268 0.536719 -0.666667
v 0.330268 -0.276156 -0.666667
v 0.330268 -0.276156 -0.666667
v 0.330268 -0.276156 -0.666667
v 0.330268 -0.276156 -0.666667
v 0.298547 0.271358 1.000000
v 0.298547 0.271358 1.000000
v 0.298547 0.271358 1.000000
v 0.298547 0.271358 1.000000
v 0.298547 0.271358 1.000000
v 0.298547 0.258297 1.000000
v 0.298547 0.258297 1.000000
v 0.298547 0.245235 1.000000
v 0.298547 0.245235 1.000000
v 0.298547 0.245235 1.000000
v 0.298547 0.245235 1.000000
v 0.235506 -0.015461 0.861256
v 0.235506 -0.015461 0.861256
v 0.235506 -0.015461 0.861256
v 0.235506 -0.015461 0.861256
v 0.154871 0.536719 0.666667
v 0.154871 0.536719 0.666667
v 0.154871 0.536719 0.666667
v 0.154871 0.536719 0.666667
v 0.154871 0.536719 0.666667
v 0.154871 0.536719 0.666667
v 0.154871 -0.276156 0.666667
v 0.154871 -0.276156 0.666667
v 0.154871 -0.276156 0.666667
v 0.154871 -0.276156 0.666667
v 0.666400 0.271358 -0.666667
v 0.000000 0.481008 -0.833400
v 0.000000 0.481008 -0.833400
v 0.000000 0.481008 -0.833400
v 0.000000 0.481008 -0.833400
v 0.000000 -0.536852 -0.380781
v 0.000000 0.536852 0.000000
v 0.000000 0.536852 0.000000
v 0.666400 0.271358 -0.666667
v 0.000000 -0.434360 0.493136
v 0.000000 0.447421 0.833400
v 0.000000 0.447421 0.833400
v 0.000000 0.447421 0.833400
v 0.000000 0.447421 0.833400
v 0.666400 0.271358 -0.666667
v -0.154871 0.536719 0.666667
v -0.154871 0.536719 0.666667
v -0.154871 0.536719 0.666667
v -0.154871 0.536719 0.666667
v -0.154871 0.536719 0.666667
v -0.154871 0.536719 0.666667
v -0.154871 0.536719 0.666667
v -0.154871 -0.276156 0.666667
v -0.154871 -0.276156 0.666667
v -0.154871 -0.276156 0.666667
v -0.154871 -0.276156 0.666667
v -0.235506 -0.015461 0.861256
v -0.235506 -0.015461 0.861256
v -0.235506 -0.015461 0.861256
v -0.235506 -0.015461 0.861256
v -0.298547 0.271358 1.000000
v -0.298547 0.271358 1.000000
v -0.298547 0.271358 1.000000
v -0.298547 0.271358 1.000000
v -0.298547 0.271358 1.000000
v -0.298547 0.258297 1.000000
v -0.298547 0.258297 1.000000
v -0.298547 0.245235 1.000000
v -0.298547 0.245235 1.000000
v -0.298547 0.245235 1.000000
v -0.298547 0.245235 1.000000
v -0.330268 0.536719 -0.666667
v -0.330268 0.536719 -0.666667
v -0.330268 0.536719 -0.666667
v -0.330268 0.536719 -0.666667
v -0.330268 0.536719 -0.666667
v -0.330268 0.536719 -0.666667
v -0.330268 0.536719 -0.666667
v -0.330268 -0.276156 -0.666667
v -0.330268 -0.276156 -0.666667
v -0.330268 -0.276156 -0.666667
v -0.330268 -0.276156 -0.666667
v -0.331468 -0.015461 0.666667
v -0.331468 -0.015461 0.666667
v -0.331468 -0.015461 0.666667
v -0.331468 -0.015461 0.666667
v -0.400906 0.481008 0.011596
v -0.400906 0.481008 0.011596
v -0.400906 0.481008 0.011596
v -0.400906 0.481008 0.011596
v -0.404638 -0.015461 -0.838998
v -0.404638 -0.015461 -0.838998
v -0.404638 -0.015461 -0.838998
v -0.404638 -0.015461 -0.838998
v -0.474077 0.271358 -1.000000
v -0.474077 0.271358 -1.000000
v -0.474077 0.271358 -1.000000
v -0.474077 0.271358 -1.000000
v -0.474077 0.271358 -1.000000
v -0.474077 0.258297 -1.000000
v -0.474077 0.258297 -1.000000
v -0.474077 0.245235 -1.000000
v -0.474077 0.245235 -1.000000
v -0.474077 0.245235 -1.000000
v -0.474077 0.245235 -1.000000
v -0.490870 0.271358 0.666667
v -0.490870 0.271358 0.666667
v -0.490870 0.271358 0.666667
v -0.490870 0.271358 0.666667
v -0.490870 0.271358 0.666667
v -0.490870 0.258297 0.666667
v -0.490870 0.258297 0.666667
v -0.490870 0.245235 0.666667
v -0.490870 0.245235 0.666667
v -0.490870 0.245235 0.666667
v -0.490870 0.245235 0.666667
v -0.519659 -0.015461 -0.666667
v -0.519659 -0.015461 -0.666667
v -0.519659 -0.015461 -0.666667
v -0.519659 -0.015461 -0.666667
v -0.666400 0.271358 -0.666667
v -0.666400 0.271358 -0.666667
v -0.666400 0.271358 -0.666667
v -0.666400 0.271358 -0.666667
v -0.666400 0.271358 -0.666667
v -0.666400 0.258297 -0.666667
v -0.666400 0.258297 -0.666667
v -0.666400 0.245235 -0.666667
v -0.666400 0.245235 -0.666667
v -0.666400 0.245235 -0.666667
v -0.666400 0.245235 -0.666667
v 0.330268 -0.276156 -0.666667
v 0.000000 -0.492194 0.000000
v 0.000000 -0.536852 -0.380781
v -0.330268 -0.276156 -0.666667
v 0.154871 -0.276156 0.666667
v 0.000000 -0.434360 0.493136
v 0.330268 -0.276156 -0.666667
v 0.154871 -0.276156 0.666667
v 0.000000 -0.492194 0.000000
v 0.578569 0.258297 0.000000
f 4502 4698 4503
f 4504 4497 4498
f 4499 4500 4501
f 4496 4663 4658
f 4496 4665 4663
f 4541 4496 4538
f 4544 4496 4541
f 4544 4665 4496
f 4538 4496 4658
f 4569 4574 4529 4524
f 4576 4532 4529 4574
f 4682 4645 4619 4648
f 4523 4516 4602
f 4517 4507 4608
f 4522 4528 4704
f 4517 4510 4507
f 4528 4530 4514
f 4493 4637 4611
f 4670 4615 4651
f 4572 4606 4624
f 4669 4627 4614
f 4641 4685 4652
f 4527 4585 4570
f 4589 4610 4605
f 4604 4571 4587
f 4550 4525 4594
f 4607 4612 4626
f 4650 4613 4639
f 4553 4560 4586
f 4558 4551 4505
f 4506 4536 4559
f 4526 4552 4584
f 4563 4597 4635
f 4684 4640 4661
f 4561 4537 4595
f 4638 4598 4660
f 4547 4521 4566
f 4557 4581 4591
f 4656 4644 4680
f 4599 4643 4568
f 4646 4618 4622
f 4592 4616 4603
f 4531 4509 4495
f 4690 4694 4679 4675
f 4688 4690 4675 4673
f 4686 4671 4653
f 4676 4647 4623 4633
f 4692 4683 4649 4677
f 4631 4621 4583 4578
f 4577 4580 4556 4534
f 4555 4590 4565 4519
f 4533 4554 4518 4512
f 4629 4575 4573 4625
f 4632 4579 4575 4629
f 4672 4674 4630 4628
f 4674 4678 4634 4630
f 4601 4564 4636
f 4609 4588 4562 4600
f 4657 4681 4691 4667
f 4617 4593 4582 4620
f 4567 4642 4655 4549
f 4548 4654 4666 4545
f 4520 4546 4543 4513
f 4508 4540 4535 4515
f 4511 4542 4540 4508
f 4539 4659 4596
f 4664 4689 4687 4662
f 4668 4693 4689 4664
f 4695 4696 4697
f 4494 4699 4700
f 4701 4702 4703

o cut_11
v -0.000000 0.730000 0.000000
v -0.000000 -0.730000 0.000000
v 1.000000 0.438600 0.000000
v -0.000000 0.438600 -1.000000
v 1.000000 0.464600 -1.000000
v 1.000000 0.438600 -1.000000
v 1.000000 0.438600 -1.000000
v 1.000000 0.412600 -1.000000
v 1.000000 0.412600 -1.000000
v 1.000000 0.412600 -1.000000
v 1.000000 0.412600 -1.000000
v 1.000000 0.412600 -1.000000
v 1.000000 0.412600 -1.000000
v 1.000000 0.412600 -1.000000
v 1.000000 0.412600 -1.000000
v 1.000000 0.412600 -1.000000
v 1.000000 0.464600 -1.000000
v 1.000000 0.464600 1.000000
v 1.000000 0.464600 1.000000
v 1.000000 0.464600 1.000000
v 1.000000 0.464600 1.000000
v 1.000000 0.464600 1.000000
v 1.000000 0.438600 1.000000
v 1.000000 0.438600 1.000000
v 1.000000 0.412600 1.000000
v 1.000000 0.412600 1.000000
v 1.000000 0.412600 1.000000
v 1.000000 0.412600 1.000000
v 1.000000 0.412600 1.000000
v 1.000000 0.412600 1.000000
v 1.000000 0.412600 1.000000
v 1.000000 0.412600 1.000000
v 1.000000 0.412600 1.000000
v 0.825000 0.611000 -0.720400
v 0.825000 0.611000 -0.720400
v 0.825000 0.611000 -0.720400
v 0.825000 0.611000 -0.720400
v 0.825000 0.611000 0.720399
v 0.825000 0.611000 0.720399
v 0.825000 0.611000 0.720399
v 0.825000 0.611000 0.720399
v 0.720400 0.611000 -0.825000
v 0.720400 0.611000 -0.825000
v 0.720400 0.611000 -0.825000
v 0.720400 0.611000 -0.825000
v 0.720400 0.611000 0.825000
v 0.720400 0.611000 0.825000
v 0.720400 0.611000 0.825000
v 0.720400 0.611000 0.825000
v 0.650000 0.730000 0.000000
v 0.650000 0.730000 0.000000
v 0.650000 0.730000 0.000000
v 0.650000 0.730000 0.000000
v 0.588200 0.730000 -0.588200
v 0.588200 0.730000 -0.588200
v 0.588200 0.730000 -0.588200
v 0.588200 0.730000 -0.588200
v 0.588200 0.730000 0.588200
v 0.588200 0.730000 0.588200
v 0.588200 0.730000 0.588200
v 0.588200 0.730000 0.588200
v 0.500000 -0.385800 0.000000
v 0.500000 -0.385800 0.000000
v 0.500000 -0.385800 0.000000
v 0.300000 -0.544000 0.000000
v 0.300000 -0.544000 0.000000
v 0.300000 -0.544000 0.000000
v 0.300000 -0.544000 0.000000
v 0.100000 -0.672800 0.000000
v 0.100000 -0.672800 0.000000
v 0.100000 -0.672800 0.000000
v 0.100000 -0.672800 0.000000
v 1.000000 0.464600 -1.000000
v -0.000000 0.730000 -0.650000
v -0.000000 0.730000 -0.650000
v -0.000000 0.730000 -0.650000
v -0.000000 0.730000 -0.650000
v -0.000000 -0.385800 -0.500000
v -0.000000 -0.385800 -0.500000
v -0.000000 -0.385800 -0.500000
v -0.000000 -0.544000 -0.300000
v -0.000000 -0.544000 -0.300000
v -0.000000 -0.544000 -0.300000
v -0.000000 -0.544000 -0.300000
v -0.000000 -0.672800 -0.100000
v -0.000000 -0.672800 -0.100000
v -0.000000 -0.672800 -0.100000
v -0.000000 -0.672800 -0.100000
v 1.000000 0.464600 -1.000000
v -0.000000 -0.730000 0.000000
v -0.000000 -0.730000 0.000000
v -0.000000 -0.730000 0.000000
v 1.000000 0.464600 -1.000000
v -0.000000 -0.672800 0.100000
v -0.000000 -0.672800 0.100000
v -0.000000 -0.672800 0.100000
v -0.000000 -0.672800 0.100000
v -0.000000 -0.544000 0.300000
v -0.000000 -0.544000 0.300000
v -0.000000 -0.544000 0.300000
v -0.000000 -0.544000 0.300000
v -0.000000 -0.385800 0.500000
v -0.000000 -0.385800 0.500000
v -0.000000 -0.385800 0.500000
v -0.000000 0.730000 0.650000
v -0.000000 0.730000 0.650000
v -0.000000 0.730000 0.650000
v -0.000000 0.730000 0.650000
v -0.100000 -0.672800 0.000000
v -0.100000 -0.672800 0.000000
v -0.100000 -0.672800 0.000000
v -0.100000 -0.672800 0.000000
v -0.300000 -0.544000 0.000000
v -0.300000 -0.544000 0.000000
v -0.300000 -0.544000 0.000000
v -0.300000 -0.544000 0.000000
v -0.500000 -0.385800 0.000000
v -0.500000 -0.385800 0.000000
v -0.500000 -0.385800 0.000000
v -0.588200 0.730000 -0.588200
v -0.588200 0.730000 -0.588200
v -0.588200 0.730000 -0.588200
v -0.588200 0.730000 -0.588200
v -0.588200 0.730000 0.588200
v -0.588200 0.730000 0.588200
v -0.588200 0.730000 0.588200
v -0.588200 0.730000 0.588200
v -0.650000 0.730000 0.000000
v -0.650000 0.730000 0.000000
v -0.650000 0.730000 0.000000
v -0.650000 0.730000 0.000000
v -0.720400 0.611000 -0.825000
v -0.720400 0.611000 -0.825000
v -0.720400 0.611000 -0.825000
v -0.720400 0.611000 -0.825000
v -0.720400 0.611000 0.825000
v -0.720400 0.611000 0.825000
v -0.720400 0.611000 0.825000
v -0.720400 0.611000 0.825000
v -0.825000 0.611000 -0.720400
v -0.825000 0.611000 -0.720400
v -0.825000 0.611000 -0.720400
v -0.825000 0.611000 -0.720400
v -0.825000 0.611000 0.720399
v -0.825000 0.611000 0.720399
v -0.825000 0.611000 0.720399
v -0.825000 0.611000 0.720399
v -1.000000 0.464600 -1.000000
v -1.000000 0.464600 -1.000000
v -1.000000 0.464600 -1.000000
v -1.000000 0.464600 -1.000000
v -1.000000 0.464600 -1.000000
v -1.000000 0.438600 -1.000000
v -1.000000 0.438600 -1.000000
v -1.000000 0.412600 -1.000000
v -1.000000 0.412600 -1.000000
v -1.000000 0.412600 -1.000000
v -1.000000 0.412600 -1.000000
v -1.000000 0.412600 -1.000000
v -1.000000 0.412600 -1.000000
v -1.000000 0.412600 -1.000000
v -1.000000 0.412600 -1.000000
v -1.000000 0.412600 -1.000000
v -1.000000 0.464600 1.000000
v -1.000000 0.464600 1.000000
v -1.000000 0.464600 1.000000
v -1.000000 0.464600 1.000000
v -1.000000 0.464600 1.000000
v -1.000000 0.438600 1.000000
v -1.000000 0.438600 1.000000
v -1.000000 0.412600 1.000000
v -1.000000 0.412600 1.000000
v -1.000000 0.412600 1.000000
v -1.000000 0.412600 1.000000
v -1.000000 0.412600 1.000000
v -1.000000 0.412600 1.000000
v -1.000000 0.412600 1.000000
v -1.000000 0.412600 1.000000
v -1.000000 0.412600 1.000000
v 1.000000 0.438600 0.000000
v 1.000000 0.438600 0.000000
v 1.000000 0.412600 -1.000000
v 1.000000 0.438600 0.000000
v 1.000000 0.438600 0.000000
v 1.000000 0.464600 -1.000000
v -0.000000 0.730000 0.000000
v -0.000000 0.730000 0.000000
v -0.000000 0.730000 0.000000
v 0.650000 0.730000 0.000000
f 4720 4783 4860
f 4733 4798 4795 4776
f 4716 4775 4794 4789
f 4863 4792 4796 4813
f 4879 4814 4706 4801
f 4708 4857 4852
f 4708 4859 4857
f 4777 4711 4708
f 4719 4708 4711
f 4719 4859 4708
f 4777 4708 4852
f 4709 4853 4836 4748
f 4707 4710 4793
f 4707 4712 4710
f 4729 4884 4727
f 4722 4727 4885
f 4729 4886 4887
f 4730 4766 4713
f 4722 4888 4889
f 4723 4797 4738 4742
f 4875 4807 4736
f 4869 4873 4728 4726
f 4873 4876 4737 4728
f 4868 4725 4753 4841
f 4856 4858 4874 4872
f 4858 4867 4883 4874
f 4855 4871 4851 4847
f 4866 4823 4882
f 4826 4839 4854 4844
f 4759 4741 4721 4746
f 4763 4750 4724 4745
f 4830 4848 4870 4843
f 4780 4890 4757 4761
f 4824 4832 4891 4780
f 4832 4828 4810 4892
f 4765 4893 4705 4810
f 4880 4817 4815
f 4881 4822 4820
f 4862 4788 4791
f 4861 4784 4787
f 4715 4772 4774
f 4714 4767 4769
f 4734 4802 4799
f 4735 4806 4803
f 4800 4805 4878
f 4804 4808 4877
f 4816 4818 4864
f 4819 4821 4865
f 4790 4785 4717
f 4786 4782 4718
f 4773 4771 4732
f 4770 4768 4731
f 4752 4811 4840
f 4751 4764 4809
f 4812 4829 4842
f 4835 4846 4850
f 4849 4831 4834
f 4833 4827 4845
f 4779 4749 4837
f 4838 4825 4781
f 4778 4760 4747
f 4743 4739 4754
f 4756 4762 4744
f 4740 4758 4755

o cut_12
v 0.000000 0.526000 0.000000
v 0.000000 -0.448069 0.000000
v 0.000000 0.273507 -0.818998
v -1.000000 0.273507 0.000000
v -0.748465 0.273507 -1.000000
v -0.748465 0.273507 -1.000000
v -0.748465 0.259086 -1.000000
v -0.748465 0.259086 -1.000000
v -0.748465 0.259086 -1.000000
v -0.748465 0.259086 -1.000000
v -0.297907 0.287927 -0.941242
v -0.297907 0.287927 -0.941242
v -0.297907 0.287927 -0.941242
v -0.297907 0.287927 -0.941242
v -0.297907 0.287927 -0.941242
v -0.297907 0.273507 -0.941242
v -0.297907 0.273507 -0.941242
v -0.297907 0.259086 -0.941242
v -0.297907 0.259086 -0.941242
v -0.297907 0.259086 -0.941242
v -0.297907 0.259086 -0.941242
v -0.297907 0.259086 -0.941242
v -0.748465 0.287927 -1.000000
v 0.000000 0.273507 -0.818998
v 0.000000 0.273507 -0.818998
v 0.000000 0.273507 -0.818998
v 0.251535 0.287927 -0.715783
v 0.251535 0.287927 -0.715783
v 0.251535 0.287927 -0.715783
v 0.251535 0.287927 -0.715783
v 0.251535 0.287927 -0.715783
v 0.251535 0.287927 -0.715783
v 0.251535 0.273507 -0.715783
v 0.251535 0.273507 -0.715783
v 0.251535 0.259086 -0.715783
v 0.251535 0.259086 -0.715783
v 0.251535 0.259086 -0.715783
v 0.251535 0.259086 -0.715783
v 0.251535 0.259086 -0.715783
v 0.251535 0.259086 -0.715783
v -0.511346 0.526000 -0.593149
v -0.511346 0.526000 -0.593149
v -0.511346 0.526000 -0.593149
v -0.922374 0.287927 -0.584093
v -0.922374 0.287927 -0.584093
v -0.922374 0.287927 -0.584093
v -0.922374 0.287927 -0.584093
v -0.922374 0.273507 -0.584093
v -0.922374 0.273507 -0.584093
v -0.922374 0.259086 -0.584093
v -0.922374 0.259086 -0.584093
v -0.922374 0.259086 -0.584093
v -0.922374 0.259086 -0.584093
v -0.070311 0.526000 -0.535633
v -0.070311 0.526000 -0.535633
v -0.070311 0.526000 -0.535633
v -0.070311 0.526000 -0.535633
v 0.723351 0.287927 -0.357149
v 0.723351 0.287927 -0.357149
v 0.723351 0.287927 -0.357149
v 0.723351 0.287927 -0.357149
v 0.723351 0.273507 -0.357149
v 0.723351 0.273507 -0.357149
v 0.723351 0.259086 -0.357149
v 0.723351 0.259086 -0.357149
v 0.723351 0.259086 -0.357149
v 0.723351 0.259086 -0.357149
v 0.254959 0.526000 -0.349608
v 0.254959 0.526000 -0.349608
v 0.254959 0.526000 -0.349608
v 0.254959 0.526000 -0.349608
v -0.681579 0.526000 -0.186026
v -0.681579 0.526000 -0.186026
v -0.681579 0.526000 -0.186026
v -0.681579 0.526000 -0.186026
v -0.250977 -0.445706 -0.146409
v -0.250977 -0.445706 -0.146409
v -0.250977 -0.445706 -0.146409
v -0.250977 -0.445706 -0.146409
v -0.250977 -0.445706 -0.146409
v -0.250977 -0.445706 -0.146409
v -1.000000 0.287927 0.000000
v -1.000000 0.287927 0.000000
v -1.000000 0.287927 0.000000
v -1.000000 0.287927 0.000000
v -1.000000 0.287927 0.000000
v -1.000000 0.273507 0.000000
v -0.748465 0.287927 -1.000000
v -1.000000 0.259086 0.000000
v -1.000000 0.259086 0.000000
v -1.000000 0.259086 0.000000
v -1.000000 0.259086 0.000000
v -1.000000 0.259086 0.000000
v -0.165644 -0.526000 0.000000
v -0.165644 -0.526000 0.000000
v -0.165644 -0.526000 0.000000
v 0.000000 0.526000 0.000000
v -0.748465 0.287927 -1.000000
v 0.000000 -0.448069 0.000000
v 0.000000 -0.448069 0.000000
v 0.000000 -0.448069 0.000000
v 0.000000 -0.448069 0.000000
v 0.000000 -0.448069 0.000000
v -0.748465 0.287927 -1.000000
v 0.525762 0.526000 0.000000
v 0.525762 0.526000 0.000000
v 0.525762 0.526000 0.000000
v 1.000000 0.287927 0.000000
v 1.000000 0.287927 0.000000
v 1.000000 0.287927 0.000000
v 1.000000 0.287927 0.000000
v 1.000000 0.273507 0.000000
v 1.000000 0.273507 0.000000
v 1.000000 0.259086 0.000000
v 1.000000 0.259086 0.000000
v 1.000000 0.259086 0.000000
v 1.000000 0.259086 0.000000
v -0.250977 -0.445706 0.146409
v -0.250977 -0.445706 0.146409
v -0.250977 -0.445706 0.146409
v -0.250977 -0.445706 0.146409
v -0.250977 -0.445706 0.146409
v -0.250977 -0.445706 0.146409
v -0.681579 0.526000 0.186025
v -0.681579 0.526000 0.186025
v -0.681579 0.526000 0.186025
v -0.681579 0.526000 0.186025
v -0.681579 0.526000 0.186025
v 0.254959 0.526000 0.349608
v 0.254959 0.526000 0.349608
v 0.254959 0.526000 0.349608
v 0.254959 0.526000 0.349608
v 0.254959 0.526000 0.349608
v 0.723351 0.287927 0.357149
v 0.723351 0.287927 0.357149
v 0.723351 0.287927 0.357149
v 0.723351 0.287927 0.357149
v 0.723351 0.273507 0.357149
v 0.723351 0.273507 0.357149
v 0.723351 0.259086 0.357149
v 0.723351 0.259086 0.357149
v 0.723351 0.259086 0.357149
v 0.723351 0.259086 0.357149
v -0.070311 0.526000 0.535633
v -0.070311 0.526000 0.535633
v -0.070311 0.526000 0.535633
v -0.070311 0.526000 0.535633
v -0.070311 0.526000 0.535633
v -0.922374 0.287927 0.584093
v -0.922374 0.287927 0.584093
v -0.922374 0.287927 0.584093
v -0.922374 0.287927 0.584093
v -0.922374 0.273507 0.584093
v -0.922374 0.273507 0.584093
v -0.922374 0.259086 0.584093
v -0.922374 0.259086 0.584093
v -0.922374 0.259086 0.584093
v -0.922374 0.259086 0.584093
v -0.511346 0.526000 0.593149
v -0.511346 0.526000 0.593149
v -0.511346 0.526000 0.593149
v 0.251535 0.287927 0.715782
v 0.251535 0.287927 0.715782
v 0.251535 0.287927 0.715782
v 0.251535 0.287927 0.715782
v 0.251535 0.287927 0.715782
v 0.251535 0.273507 0.715782
v 0.251535 0.273507 0.715782
v 0.251535 0.259086 0.715782
v 0.251535 0.259086 0.715782
v 0.251535 0.259086 0.715782
v 0.251535 0.259086 0.715782
v 0.251535 0.259086 0.715782
v -0.297907 0.287927 0.941242
v -0.297907 0.287927 0.941242
v -0.297907 0.287927 0.941242
v -0.297907 0.287927 0.941242
v -0.297907 0.273507 0.941242
v -0.297907 0.273507 0.941242
v -0.297907 0.259086 0.941242
v -0.297907 0.259086 0.941242
v -0.297907 0.259086 0.941242
v -0.297907 0.259086 0.941242
v -0.748465 0.287927 1.000000
v -0.748465 0.287927 1.000000
v -0.748465 0.287927 1.000000
v -0.748465 0.287927 1.000000
v -0.748465 0.273507 1.000000
v -0.748465 0.273507 1.000000
v -0.748465 0.259086 1.000000
v -0.748465 0.259086 1.000000
v -0.748465 0.259086 1.000000
v -0.748465 0.259086 1.000000
v 0.000000 0.273507 -0.818998
v 0.000000 0.526000 0.000000
v 0.000000 0.526000 0.000000
v -0.070311 0.526000 -0.535633
v -0.681579 0.526000 -0.186026
f 5063 5014 4989 4895
f 4951 4955 4927 4922
f 4955 4957 4930 4927
f 5001 5005 4956 4952
f 5005 5007 4958 4956
f 5029 5031 5006 5004
f 5031 5035 5010 5006
f 5058 5060 5032 5030
f 5060 5065 5036 5032
f 5069 5071 5061 5059
f 5071 5075 5066 5061
f 5080 5082 5072 5070
f 5086 5076 5072 5082
f 5045 5047 5081 5078
f 5047 5051 5084 5081
f 4979 4897 5046 5043
f 4897 4986 5049 5046
f 4939 4942 4980 4975
f 4945 4982 4980 4942
f 4916 4899 4941 4937
f 4902 4943 4941 4899
f 4909 4898 4991 4904
f 4911 4900 4898 4909
f 4962 4953 4925
f 4961 4924 4949
f 4947 4923 4907
f 4966 4940 4976
f 4967 4977 5018
f 5020 4978 5042
f 5041 5068 5057
f 5026 5039 5056
f 5025 5055 5028
f 5037 5017 5052
f 4936 4968 4950
f 4983 4946 4973
f 4944 4903 4972
f 4914 4969 4901
f 4931 4970 4915
f 4933 4959 4993
f 4960 5008 4994
f 5033 4995 5009
f 5062 4996 5034
f 5064 5073 5015
f 5074 5085 5016
f 4985 5012 5048
f 5050 5013 5083
f 4921 4926 5087
f 4926 4929 4919
f 4896 4910 4905
f 4896 4912 4910
f 4928 4913 4917
f 4920 4918 4906
f 5017 5088 4968
f 5089 4964 5090 5091
f 5019 5038 5023 4894
f 4990 5022 4999 4964
f 5002 4954 4963 4998
f 5027 5003 5000 5024
f 5079 5067 5040 5054
f 5044 5077 5053 5021
f 4981 4938 4965 4935
f 4948 4908 4997 4934
f 4974 4988 5011 4984
f 4932 4992 4987 4971

o cut_13
v -0.000000 0.440000 -0.000000
v -0.000000 -0.440000 -0.000000
v -0.000000 0.237200 1.000000
v 0.666601 0.237200 -0.000000
v 0.366600 0.237200 1.000000
v 0.366600 0.237200 1.000000
v 0.366600 0.223800 1.000000
v 0.366600 0.223800 1.000000
v 0.366600 0.223800 1.000000
v 0.366600 0.223800 1.000000
v -0.000000 0.250600 1.000000
v -0.000000 0.250600 1.000000
v 0.366600 0.250600 1.000000
v -0.000000 0.223800 1.000000
v -0.000000 0.223800 1.000000
v -0.366600 0.250600 1.000000
v -0.366600 0.250600 1.000000
v -0.366600 0.250600 1.000000
v -0.366600 0.250600 1.000000
v -0.366600 0.237200 1.000000
v -0.366600 0.237200 1.000000
v -0.366600 0.223800 1.000000
v -0.366600 0.223800 1.000000
v -0.366600 0.223800 1.000000
v -0.366600 0.223800 1.000000
v 0.296800 0.358000 0.872800
v 0.296800 0.358000 0.872800
v 0.296800 0.358000 0.872800
v 0.296800 0.358000 0.872800
v -0.296800 0.358000 0.872800
v -0.296800 0.358000 0.872800
v -0.296800 0.358000 0.872800
v -0.296800 0.358000 0.872800
v 0.289000 0.054400 0.858800
v 0.289000 0.054400 0.858800
v 0.289000 0.054400 0.858800
v 0.289000 0.054400 0.858800
v -0.289000 0.054400 0.858800
v -0.289000 0.054400 0.858800
v -0.289000 0.054400 0.858800
v -0.289000 0.054400 0.858800
v 0.254800 0.411600 0.796800
v 0.254800 0.411600 0.796800
v 0.254800 0.411600 0.796800
v 0.254800 0.411600 0.796800
v -0.254800 0.411600 0.796800
v -0.254800 0.411600 0.796800
v -0.254800 0.411600 0.796800
v -0.254800 0.411600 0.796800
v 0.220000 0.440000 0.733400
v 0.220000 0.440000 0.733400
v 0.220000 0.440000 0.733400
v -0.220000 0.440000 0.733400
v -0.220000 0.440000 0.733400
v -0.220000 0.440000 0.733400
v 0.211200 -0.114800 0.717599
v 0.211200 -0.114800 0.717599
v 0.211200 -0.114800 0.717599
v 0.211200 -0.114800 0.717599
v -0.211200 -0.114800 0.717599
v -0.211200 -0.114800 0.717599
v -0.211200 -0.114800 0.717599
v -0.211200 -0.114800 0.717599
v 0.666601 0.250600 0.699999
v 0.666601 0.250600 0.699999
v 0.666601 0.250600 0.699999
v 0.666601 0.250600 0.699999
v 0.666601 0.237200 0.699999
v 0.666601 0.237200 0.699999
v 0.666601 0.223800 0.699999
v 0.666601 0.223800 0.699999
v 0.666601 0.223800 0.699999
v 0.666601 0.223800 0.699999
v -0.666601 0.250600 0.699999
v -0.666601 0.250600 0.699999
v -0.666601 0.250600 0.699999
v -0.666601 0.250600 0.699999
v -0.666601 0.237200 0.699999
v -0.666601 0.237200 0.699999
v -0.666601 0.223800 0.699999
v -0.666601 0.223800 0.699999
v -0.666601 0.223800 0.699999
v -0.666601 0.223800 0.699999
v 0.539600 0.358000 0.629999
v 0.539600 0.358000 0.629999
v 0.539600 0.358000 0.629999
v 0.539600 0.358000 0.629999
v -0.539600 0.358000 0.629999
v -0.539600 0.358000 0.629999
v -0.539600 0.358000 0.629999
v -0.539600 0.358000 0.629999
v 0.525400 0.054400 0.622400
v 0.525400 0.054400 0.622400
v 0.525400 0.054400 0.622400
v 0.525400 0.054400 0.622400
v -0.525400 0.054400 0.622400
v -0.525400 0.054400 0.622400
v -0.525400 0.054400 0.622400
v -0.525400 0.054400 0.622400
v 0.463400 0.411600 0.588200
v 0.463400 0.411600 0.588200
v 0.463400 0.411600 0.588200
v 0.463400 0.411600 0.588200
v -0.463400 0.411600 0.588200
v -0.463400 0.411600 0.588200
v -0.463400 0.411600 0.588200
v -0.463400 0.411600 0.588200
v 0.400000 0.440000 0.553400
v 0.400000 0.440000 0.553400
v 0.400000 0.440000 0.553400
v -0.400000 0.440000 0.553400
v -0.400000 0.440000 0.553400
v -0.400000 0.440000 0.553400
v 0.384200 -0.114800 0.544600
v 0.384200 -0.114800 0.544600
v 0.384200 -0.114800 0.544600
v 0.384200 -0.114800 0.544600
v -0.384200 -0.114800 0.544600
v -0.384200 -0.114800 0.544600
v -0.384200 -0.114800 0.544600
v -0.384200 -0.114800 0.544600
v 0.097600 -0.295400 0.511000
v 0.097600 -0.295400 0.511000
v 0.097600 -0.295400 0.511000
v 0.097600 -0.295400 0.511000
v -0.097600 -0.295400 0.511000
v -0.097600 -0.295400 0.511000
v -0.097600 -0.295400 0.511000
v -0.097600 -0.295400 0.511000
v 0.177600 -0.295400 0.431000
v 0.177600 -0.295400 0.431000
v 0.177600 -0.295400 0.431000
v 0.177600 -0.295400 0.431000
v -0.177601 -0.295400 0.431000
v -0.177601 -0.295400 0.431000
v -0.177601 -0.295400 0.431000
v -0.177601 -0.295400 0.431000
v 0.057600 -0.385800 0.390800
v 0.057600 -0.385800 0.390800
v 0.057600 -0.385800 0.390800
v 0.057600 -0.385800 0.390800
v 0.057600 -0.385800 0.390800
v -0.057600 -0.385800 0.390800
v -0.057600 -0.385800 0.390800
v -0.057600 -0.385800 0.390800
v -0.057600 -0.385800 0.390800
v -0.057600 -0.385800 0.390800
v -0.000000 -0.440000 0.333400
v -0.000000 -0.440000 0.333400
v -0.000000 -0.440000 0.333400
v 0.366600 0.250600 1.000000
v 0.366600 0.250600 1.000000
v 0.366600 0.250600 1.000000
v -0.000000 -0.440000 -0.000000
v -0.000000 -0.440000 -0.333400
v -0.000000 -0.440000 -0.333400
v -0.000000 -0.440000 -0.333400
v 0.057600 -0.385800 -0.390801
v 0.057600 -0.385800 -0.390801
v 0.057600 -0.385800 -0.390801
v 0.057600 -0.385800 -0.390801
v 0.057600 -0.385800 -0.390801
v -0.057600 -0.385800 -0.390801
v -0.057600 -0.385800 -0.390801
v -0.057600 -0.385800 -0.390801
v -0.057600 -0.385800 -0.390801
v -0.057600 -0.385800 -0.390801
v 0.177600 -0.295400 -0.431000
v 0.177600 -0.295400 -0.431000
v 0.177600 -0.295400 -0.431000
v 0.177600 -0.295400 -0.431000
v -0.177601 -0.295400 -0.431000
v -0.177601 -0.295400 -0.431000
v -0.177601 -0.295400 -0.431000
v -0.177601 -0.295400 -0.431000
v 0.097600 -0.295400 -0.511000
v 0.097600 -0.295400 -0.511000
v 0.097600 -0.295400 -0.511000
v 0.097600 -0.295400 -0.511000
v -0.097600 -0.295400 -0.511000
v -0.097600 -0.295400 -0.511000
v -0.097600 -0.295400 -0.511000
v -0.097600 -0.295400 -0.511000
v 0.384200 -0.114800 -0.544600
v 0.384200 -0.114800 -0.544600
v 0.384200 -0.114800 -0.544600
v 0.384200 -0.114800 -0.544600
v -0.384200 -0.114800 -0.544600
v -0.384200 -0.114800 -0.544600
v -0.384200 -0.114800 -0.544600
v -0.384200 -0.114800 -0.544600
v 0.400000 0.440000 -0.553401
v 0.400000 0.440000 -0.553401
v 0.400000 0.440000 -0.553401
v -0.400000 0.440000 -0.553401
v -0.400000 0.440000 -0.553401
v -0.400000 0.440000 -0.553401
v 0.463400 0.411600 -0.588201
v 0.463400 0.411600 -0.588201
v 0.463400 0.411600 -0.588201
v 0.463400 0.411600 -0.588201
v -0.463400 0.411600 -0.588201
v -0.463400 0.411600 -0.588201
v -0.463400 0.411600 -0.588201
v -0.463400 0.411600 -0.588201
v 0.525400 0.054400 -0.622400
v 0.525400 0.054400 -0.622400
v 0.525400 0.054400 -0.622400
v 0.525400 0.054400 -0.622400
v -0.525400 0.054400 -0.622400
v -0.525400 0.054400 -0.622400
v -0.525400 0.054400 -0.622400
v -0.525400 0.054400 -0.622400
v 0.539600 0.358000 -0.630001
v 0.539600 0.358000 -0.630001
v 0.539600 0.358000 -0.630001
v 0.539600 0.358000 -0.630001
v -0.539600 0.358000 -0.630001
v -0.539600 0.358000 -0.630001
v -0.539600 0.358000 -0.630001
v -0.539600 0.358000 -0.630001
v 0.666601 0.250600 -0.700000
v 0.666601 0.250600 -0.700000
v 0.666601 0.250600 -0.700000
v 0.666601 0.250600 -0.700000
v 0.666601 0.237200 -0.700000
v 0.666601 0.237200 -0.700000
v 0.666601 0.223800 -0.700000
v 0.666601 0.223800 -0.700000
v 0.666601 0.223800 -0.700000
v 0.666601 0.223800 -0.700000
v -0.666601 0.250600 -0.700000
v -0.666601 0.250600 -0.700000
v -0.666601 0.250600 -0.700000
v -0.666601 0.250600 -0.700000
v -0.666601 0.237200 -0.700000
v -0.666601 0.237200 -0.700000
v -0.666601 0.223800 -0.700000
v -0.666601 0.223800 -0.700000
v -0.666601 0.223800 -0.700000
v -0.666601 0.223800 -0.700000
v 0.211200 -0.114800 -0.717601
v 0.211200 -0.114800 -0.717601
v 0.211200 -0.114800 -0.717601
v 0.211200 -0.114800 -0.717601
v -0.211200 -0.114800 -0.717601
v -0.211200 -0.114800 -0.717601
v -0.211200 -0.114800 -0.717601
v -0.211200 -0.114800 -0.717601
v 0.220000 0.440000 -0.733400
v 0.220000 0.440000 -0.733400
v 0.220000 0.440000 -0.733400
v -0.220000 0.440000 -0.733400
v -0.220000 0.440000 -0.733400
v -0.220000 0.440000 -0.733400
v 0.254800 0.411600 -0.796801
v 0.254800 0.411600 -0.796801
v 0.254800 0.411600 -0.796801
v 0.254800 0.411600 -0.796801
v -0.254800 0.411600 -0.796801
v -0.254800 0.411600 -0.796801
v -0.254800 0.411600 -0.796801
v -0.254800 0.411600 -0.796801
v 0.289000 0.054400 -0.858800
v 0.289000 0.054400 -0.858800
v 0.289000 0.054400 -0.858800
v 0.289000 0.054400 -0.858800
v -0.289000 0.054400 -0.858800
v -0.289000 0.054400 -0.858800
v -0.289000 0.054400 -0.858800
v -0.289000 0.054400 -0.858800
v 0.296800 0.358000 -0.872800
v 0.296800 0.358000 -0.872800
v 0.296800 0.358000 -0.872800
v 0.296800 0.358000 -0.872800
v -0.296800 0.358000 -0.872800
v -0.296800 0.358000 -0.872800
v -0.296800 0.358000 -0.872800
v -0.296800 0.358000 -0.872800
v 0.366600 0.250600 -1.000000
v 0.366600 0.250600 -1.000000
v 0.366600 0.250600 -1.000000
v 0.366600 0.250600 -1.000000
v 0.366600 0.237200 -1.000000
v 0.366600 0.237200 -1.000000
v 0.366600 0.223800 -1.000000
v 0.366600 0.223800 -1.000000
v 0.366600 0.223800 -1.000000
v 0.366600 0.223800 -1.000000
v -0.366600 0.250600 -1.000000
v -0.366600 0.250600 -1.000000
v -0.366600 0.250600 -1.000000
v -0.366600 0.250600 -1.000000
v -0.366600 0.237200 -1.000000
v -0.366600 0.237200 -1.000000
v -0.366600 0.223800 -1.000000
v -0.366600 0.223800 -1.000000
v -0.366600 0.223800 -1.000000
v -0.366600 0.223800 -1.000000
v -0.000000 -0.440000 -0.000000
v -0.000000 -0.440000 -0.000000
v -0.000000 0.440000 -0.000000
v -0.000000 0.440000 -0.000000
v -0.000000 0.440000 -0.000000
v 0.220000 0.440000 0.733400
v -0.000000 0.237200 1.000000
v -0.000000 0.250600 1.000000
v -0.000000 0.223800 1.000000
v -0.000000 0.237200 1.000000
v -0.000000 -0.440000 -0.000000
v -0.000000 -0.440000 -0.000000
v 0.289000 0.054400 0.858800
v -0.000000 0.223800 1.000000
v -0.000000 0.223800 1.000000
v -0.000000 0.250600 1.000000
v 0.296800 0.358000 0.872800
v -0.000000 0.250600 1.000000
f 5150 5216 5222 5206
f 5128 5149 5205 5184
f 5101 5127 5183 5162
f 5122 5118 5133 5137
f 5138 5134 5141 5144
f 5178 5306 5289 5193
f 5158 5314 5305 5177
f 5136 5192 5199 5142
f 5201 5284 5341 5143
f 5253 5248 5258
f 5234 5239 5229
f 5232 5391 5249
f 5249 5392 5246
f 5232 5240 5093
f 5231 5221 5215
f 5236 5219 5225
f 5251 5268 5262
f 5256 5266 5272
f 5386 5376 5380 5390
f 5376 5386 5384 5374
f 5115 5112 5169 5171
f 5165 5169 5112 5108
f 5174 5170 5327 5330
f 5170 5168 5324 5327
f 5332 5328 5385 5388
f 5328 5326 5383 5385
f 5378 5375 5318 5322
f 5318 5375 5373 5316
f 5196 5140 5145 5202
f 5293 5197 5204 5287
f 5351 5295 5288 5345
f 5291 5347 5342 5285
f 5200 5194 5290 5283
f 5203 5146 5344 5286
f 5307 5363 5348 5292
f 5315 5371 5364 5308
f 5367 5311 5296 5352
f 5381 5325 5312 5368
f 5309 5181 5198 5294
f 5323 5167 5182 5310
f 5166 5110 5123 5179
f 5180 5124 5139 5195
f 5242 5156 5175 5119
f 5120 5176 5191 5135
f 5146 5393 5344
f 5143 5341 5394
f 5372 5382 5370 5366
f 5365 5369 5354 5350
f 5349 5353 5346 5343
f 5341 5344 5395
f 5146 5396 5092
f 5107 5111 5397 5398
f 5111 5113 5399 5400
f 5105 5098 5096 5094
f 5094 5096 5243 5102
f 5097 5159 5155 5244
f 5100 5161 5159 5097
f 5401 5255 5247
f 5238 5402 5241
f 5238 5255 5245
f 5224 5233 5250 5260
f 5208 5223 5259 5276
f 5186 5207 5275 5298
f 5164 5185 5297 5320
f 5095 5317 5313
f 5095 5319 5317
f 5157 5160 5095
f 5160 5163 5095
f 5163 5319 5095
f 5157 5095 5313
f 5277 5261 5267 5333
f 5299 5278 5334 5355
f 5321 5300 5356 5377
f 5269 5252 5257 5273
f 5335 5270 5274 5339
f 5357 5336 5340 5361
f 5379 5358 5362 5389
f 5337 5271 5265 5281
f 5359 5338 5282 5303
f 5387 5360 5304 5331
f 5263 5254 5237 5227
f 5279 5264 5228 5211
f 5301 5280 5212 5189
f 5329 5302 5190 5173
f 5210 5226 5220 5154
f 5188 5209 5153 5132
f 5172 5187 5131 5116
f 5218 5235 5230 5214
f 5152 5217 5213 5148
f 5130 5151 5147 5126
f 5129 5403 5404
f 5125 5099 5106
f 5114 5129 5405
f 5121 5406 5407
f 5103 5104 5117
f 5109 5408 5121

o cut_14
v 0.000000 0.573025 -0.000000
v 0.000000 -0.573025 -0.000000
v 0.000000 0.318174 -0.866251
v -1.000000 0.318174 -0.000000
v -0.500000 0.339830 -0.866251
v -0.500000 0.339830 -0.866251
v -0.500000 0.318174 -0.866251
v -0.500000 0.318174 -0.866251
v -0.500000 0.296518 -0.866251
v -0.500000 0.296518 -0.866251
v -0.500000 0.296518 -0.866251
v -0.500000 0.296518 -0.866251
v -0.500000 0.296518 -0.866251
v -0.500000 0.296518 -0.866251
v -0.500000 0.339830 -0.866251
v 0.500000 0.339830 -0.866251
v 0.500000 0.339830 -0.866251
v 0.500000 0.339830 -0.866251
v 0.500000 0.339830 -0.866251
v 0.500000 0.339830 -0.866251
v 0.500000 0.339830 -0.866251
v 0.500000 0.318174 -0.866251
v 0.500000 0.318174 -0.866251
v 0.500000 0.296518 -0.866251
v 0.500000 0.296518 -0.866251
v 0.500000 0.296518 -0.866251
v 0.500000 0.296518 -0.866251
v 0.500000 0.296518 -0.866251
v 0.500000 0.296518 -0.866251
v 0.000000 0.469768 -0.733368
v 0.000000 0.469768 -0.733368
v 0.000000 0.469768 -0.733368
v 0.000000 0.469768 -0.733368
v 0.000000 0.018278 -0.695427
v 0.000000 0.018278 -0.695427
v 0.000000 0.018278 -0.695427
v 0.000000 0.018278 -0.695427
v -0.308732 0.573025 -0.534823
v -0.308732 0.573025 -0.534823
v -0.308732 0.573025 -0.534823
v -0.308732 0.573025 -0.534823
v -0.308732 0.573025 -0.534823
v 0.308732 0.573025 -0.534823
v 0.308732 0.573025 -0.534823
v 0.308732 0.573025 -0.534823
v 0.308732 0.573025 -0.534823
v 0.308732 0.573025 -0.534823
v -0.634962 0.469768 -0.366597
v -0.634962 0.469768 -0.366597
v -0.634962 0.469768 -0.366597
v -0.634962 0.469768 -0.366597
v 0.634962 0.469768 -0.366597
v 0.634962 0.469768 -0.366597
v 0.634962 0.469768 -0.366597
v 0.634962 0.469768 -0.366597
v -0.602044 0.018278 -0.347713
v -0.602044 0.018278 -0.347713
v -0.602044 0.018278 -0.347713
v -0.602044 0.018278 -0.347713
v 0.602044 0.018278 -0.347713
v 0.602044 0.018278 -0.347713
v 0.602044 0.018278 -0.347713
v 0.602044 0.018278 -0.347713
v -0.122661 -0.392325 -0.212405
v -0.122661 -0.392325 -0.212405
v -0.122661 -0.392325 -0.212405
v -0.122661 -0.392325 -0.212405
v 0.122661 -0.392325 -0.212405
v 0.122661 -0.392325 -0.212405
v 0.122661 -0.392325 -0.212405
v 0.122661 -0.392325 -0.212405
v -1.000000 0.339830 -0.000000
v -1.000000 0.339830 -0.000000
v -1.000000 0.339830 -0.000000
v -1.000000 0.339830 -0.000000
v -1.000000 0.339830 -0.000000
v -1.000000 0.339830 -0.000000
v -0.500000 0.339830 -0.866251
v -1.000000 0.318174 -0.000000
v -1.000000 0.296518 -0.000000
v -1.000000 0.296518 -0.000000
v -1.000000 0.296518 -0.000000
v -1.000000 0.296518 -0.000000
v -1.000000 0.296518 -0.000000
v -1.000000 0.296518 -0.000000
v -0.617464 0.573025 -0.000000
v -0.617464 0.573025 -0.000000
v -0.617464 0.573025 -0.000000
v -0.617464 0.573025 -0.000000
v -0.617464 0.573025 -0.000000
v -0.245322 -0.392325 -0.000000
v -0.245322 -0.392325 -0.000000
v -0.245322 -0.392325 -0.000000
v -0.245322 -0.392325 -0.000000
v -0.500000 0.339830 -0.866251
v 0.000000 -0.573025 -0.000000
v 0.000000 -0.573025 -0.000000
v 0.000000 -0.573025 -0.000000
v 0.000000 -0.573025 -0.000000
v 0.000000 -0.573025 -0.000000
v -0.500000 0.339830 -0.866251
v 0.245322 -0.392325 -0.000000
v 0.245322 -0.392325 -0.000000
v 0.245322 -0.392325 -0.000000
v 0.245322 -0.392325 -0.000000
v 0.617464 0.573025 -0.000000
v 0.617464 0.573025 -0.000000
v 0.617464 0.573025 -0.000000
v 0.617464 0.573025 -0.000000
v 0.617464 0.573025 -0.000000
v 1.000000 0.339830 -0.000000
v 1.000000 0.339830 -0.000000
v 1.000000 0.339830 -0.000000
v 1.000000 0.339830 -0.000000
v 1.000000 0.339830 -0.000000
v 1.000000 0.339830 -0.000000
v 1.000000 0.318174 -0.000000
v 1.000000 0.318174 -0.000000
v 1.000000 0.296518 -0.000000
v 1.000000 0.296518 -0.000000
v 1.000000 0.296518 -0.000000
v 1.000000 0.296518 -0.000000
v 1.000000 0.296518 -0.000000
v 1.000000 0.296518 -0.000000
v -0.122661 -0.392325 0.212404
v -0.122661 -0.392325 0.212404
v -0.122661 -0.392325 0.212404
v -0.122661 -0.392325 0.212404
v 0.122661 -0.392325 0.212404
v 0.122661 -0.392325 0.212404
v 0.122661 -0.392325 0.212404
v 0.122661 -0.392325 0.212404
v -0.602044 0.018278 0.347713
v -0.602044 0.018278 0.347713
v -0.602044 0.018278 0.347713
v -0.602044 0.018278 0.347713
v 0.602044 0.018278 0.347713
v 0.602044 0.018278 0.347713
v 0.602044 0.018278 0.347713
v 0.602044 0.018278 0.347713
v -0.634962 0.469768 0.366597
v -0.634962 0.469768 0.366597
v -0.634962 0.469768 0.366597
v -0.634962 0.469768 0.366597
v 0.634962 0.469768 0.366597
v 0.634962 0.469768 0.366597
v 0.634962 0.469768 0.366597
v 0.634962 0.469768 0.366597
v -0.308732 0.573025 0.534823
v -0.308732 0.573025 0.534823
v -0.308732 0.573025 0.534823
v -0.308732 0.573025 0.534823
v -0.308732 0.573025 0.534823
v 0.308732 0.573025 0.534823
v 0.308732 0.573025 0.534823
v 0.308732 0.573025 0.534823
v 0.308732 0.573025 0.534823
v 0.308732 0.573025 0.534823
v 0.000000 0.018278 0.695426
v 0.000000 0.018278 0.695426
v 0.000000 0.018278 0.695426
v 0.000000 0.018278 0.695426
v 0.000000 0.469768 0.733368
v 0.000000 0.469768 0.733368
v 0.000000 0.469768 0.733368
v 0.000000 0.469768 0.733368
v -0.500000 0.339830 0.866251
v -0.500000 0.339830 0.866251
v -0.500000 0.339830 0.866251
v -0.500000 0.339830 0.866251
v -0.500000 0.339830 0.866251
v -0.500000 0.339830 0.866251
v -0.500000 0.318174 0.866251
v -0.500000 0.318174 0.866251
v -0.500000 0.296518 0.866251
v -0.500000 0.296518 0.866251
v -0.500000 0.296518 0.866251
v -0.500000 0.296518 0.866251
v -0.500000 0.296518 0.866251
v -0.500000 0.296518 0.866251
v 0.500000 0.339830 0.866251
v 0.500000 0.339830 0.866251
v 0.500000 0.339830 0.866251
v 0.500000 0.339830 0.866251
v 0.500000 0.339830 0.866251
v 0.500000 0.339830 0.866251
v 0.500000 0.318174 0.866251
v 0.500000 0.318174 0.866251
v 0.500000 0.296518 0.866251
v 0.500000 0.296518 0.866251
v 0.500000 0.296518 0.866251
v 0.500000 0.296518 0.866251
v 0.500000 0.296518 0.866251
v 0.500000 0.296518 0.866251
v 0.000000 0.573025 -0.000000
v -0.308732 0.573025 -0.534823
v 0.000000 0.573025 -0.000000
v 0.000000 0.318174 -0.866251
v 0.000000 0.318174 -0.866251
v 0.000000 0.318174 -0.866251
v -0.500000 0.339830 -0.866251
v -0.500000 0.296518 -0.866251
v 0.000000 0.318174 -0.866251
f 5450 5496 5557 5603
f 5516 5455 5604 5605
f 5557 5562 5516 5409
f 5567 5535 5410 5539
f 5542 5502 5507 5533
f 5466 5475 5505 5499
f 5445 5477 5504 5473
f 5470 5510 5506 5479
f 5546 5537 5508 5513
f 5597 5547 5531
f 5587 5570 5601
f 5492 5543 5583
f 5422 5465 5489
f 5433 5442 5418
f 5528 5469 5437
f 5411 5415 5503
f 5411 5417 5415
f 5424 5430 5606
f 5430 5432 5607
f 5424 5608 5609
f 5432 5610 5611
f 5416 5412 5480 5486
f 5420 5488 5412 5416
f 5487 5581 5577 5485
f 5493 5585 5581 5487
f 5582 5596 5594 5580
f 5588 5602 5596 5582
f 5595 5526 5524 5591
f 5599 5532 5526 5595
f 5564 5589 5555
f 5517 5553 5522
f 5554 5518 5563
f 5566 5573 5592
f 5565 5560 5571
f 5561 5578 5572
f 5497 5483 5549
f 5550 5558 5498
f 5559 5551 5575
f 5448 5414 5457
f 5458 5494 5449
f 5495 5459 5482
f 5452 5441 5447
f 5451 5426 5440
f 5446 5439 5423
f 5515 5521 5463
f 5462 5454 5514
f 5453 5461 5429
f 5444 5434 5476
f 5443 5472 5419
f 5468 5478 5436
f 5471 5529 5511
f 5464 5421 5474
f 5467 5500 5490
f 5544 5534 5584
f 5541 5491 5501
f 5548 5598 5538
f 5545 5512 5530
f 5569 5540 5600
f 5568 5586 5536
f 5590 5523 5556
f 5525 5431 5427 5519
f 5527 5435 5431 5525
f 5425 5509 5438
f 5520 5428 5460
f 5579 5593 5574
f 5484 5576 5552
f 5413 5481 5456

o cut_15
v -0.000000 0.640000 -0.000001
v -0.000000 -0.640000 -0.000001
v 1.000000 0.331600 -0.000001
v -0.000000 0.331600 -1.000000
v 1.000000 0.331600 -0.400000
v 1.000000 0.291800 -0.400000
v 1.000000 0.291800 -0.400000
v 1.000000 0.291800 -0.400000
v 1.000000 0.291800 -0.400000
v 1.000000 0.291800 -0.400000
v 1.000000 0.350200 -0.000001
v 1.000000 0.350200 -0.000001
v 1.000000 0.350200 -0.000001
v 1.000000 0.331600 -0.400000
v 1.000000 0.273200 -0.000001
v 1.000000 0.273200 -0.000001
v 1.000000 0.273200 -0.000001
v 1.000000 0.331600 0.400000
v 1.000000 0.331600 0.400000
v 1.000000 0.331600 0.400000
v 1.000000 0.331600 0.400000
v 1.000000 0.331600 0.400000
v 1.000000 0.291800 0.400000
v 1.000000 0.291800 0.400000
v 1.000000 0.291800 0.400000
v 1.000000 0.291800 0.400000
v 1.000000 0.291800 0.400000
v 0.777200 0.561400 -0.000001
v 0.777200 0.561400 -0.000001
v 0.777200 0.561400 -0.000001
v 0.777200 0.561400 -0.000001
v 0.777200 0.561400 -0.000001
v 0.700000 0.350200 -0.700000
v 0.700000 0.350200 -0.700000
v 0.700000 0.350200 -0.700000
v 0.700000 0.350200 -0.700000
v 0.700000 0.331600 -0.700000
v 0.700000 0.331600 -0.700000
v 0.700000 0.273200 -0.700000
v 0.700000 0.273200 -0.700000
v 0.700000 0.273200 -0.700000
v 0.700000 0.273200 -0.700000
v 0.700000 0.350200 0.699999
v 0.700000 0.350200 0.699999
v 0.700000 0.350200 0.699999
v 0.700000 0.350200 0.699999
v 0.700000 0.331600 0.699999
v 0.700000 0.331600 0.699999
v 0.700000 0.273200 0.699999
v 0.700000 0.273200 0.699999
v 0.700000 0.273200 0.699999
v 0.700000 0.273200 0.699999
v 0.555200 0.561400 -0.555200
v 0.555200 0.561400 -0.555200
v 0.555200 0.561400 -0.555200
v 0.555200 0.561400 -0.555200
v 0.555200 0.561400 -0.555200
v 0.555200 0.561400 0.555200
v 0.555200 0.561400 0.555200
v 0.555200 0.561400 0.555200
v 0.555200 0.561400 0.555200
v 0.555200 0.561400 0.555200
v 0.554400 0.640000 -0.229600
v 0.554400 0.640000 -0.229600
v 0.554400 0.640000 -0.229600
v 0.554400 0.640000 -0.229600
v 0.554400 0.640000 0.229600
v 0.554400 0.640000 0.229600
v 0.554400 0.640000 0.229600
v 0.554400 0.640000 0.229600
v 0.400000 0.331600 -1.000000
v 0.400000 0.331600 -1.000000
v 0.400000 0.331600 -1.000000
v 0.400000 0.331600 -1.000000
v 0.400000 0.331600 -1.000000
v 0.400000 0.291800 -1.000000
v 0.400000 0.291800 -1.000000
v 0.400000 0.291800 -1.000000
v 0.400000 0.291800 -1.000000
v 0.400000 0.291800 -1.000000
v 0.400000 0.331600 1.000000
v 0.400000 0.331600 1.000000
v 0.400000 0.331600 1.000000
v 0.400000 0.331600 1.000000
v 0.400000 0.331600 1.000000
v 0.400000 0.291800 1.000000
v 0.400000 0.291800 1.000000
v 0.400000 0.291800 1.000000
v 0.400000 0.291800 1.000000
v 0.400000 0.291800 1.000000
v 0.290000 -0.407000 -0.000001
v 0.290000 -0.407000 -0.000001
v 0.290000 -0.407000 -0.000001
v 0.290000 -0.407000 -0.000001
v 0.229600 0.640000 -0.554400
v 0.229600 0.640000 -0.554400
v 0.229600 0.640000 -0.554400
v 0.229600 0.640000 -0.554400
v 0.229600 0.640000 0.554400
v 0.229600 0.640000 0.554400
v 0.229600 0.640000 0.554400
v 0.229600 0.640000 0.554400
v 0.207200 -0.407000 -0.207200
v 0.207200 -0.407000 -0.207200
v 0.207200 -0.407000 -0.207200
v 0.207200 -0.407000 -0.207200
v 0.207200 -0.407000 0.207200
v 0.207200 -0.407000 0.207200
v 0.207200 -0.407000 0.207200
v 0.207200 -0.407000 0.207200
v -0.000000 0.350200 -1.000000
v -0.000000 0.350200 -1.000000
v -0.000000 0.350200 -1.000000
v 1.000000 0.331600 -0.400000
v -0.000000 0.273200 -1.000000
v -0.000000 0.273200 -1.000000
v -0.000000 0.273200 -1.000000
v -0.000000 0.561400 -0.777200
v -0.000000 0.561400 -0.777200
v -0.000000 0.561400 -0.777200
v -0.000000 0.561400 -0.777200
v -0.000000 0.561400 -0.777200
v -0.000000 -0.407000 -0.290000
v -0.000000 -0.407000 -0.290000
v -0.000000 -0.407000 -0.290000
v -0.000000 -0.407000 -0.290000
v 1.000000 0.331600 -0.400000
v -0.000000 -0.640000 -0.000001
v -0.000000 -0.640000 -0.000001
v -0.000000 -0.640000 -0.000001
v -0.000000 -0.640000 -0.000001
v -0.000000 -0.640000 -0.000001
v -0.000000 -0.640000 -0.000001
v -0.000000 -0.640000 -0.000001
v 1.000000 0.331600 -0.400000
v -0.000000 -0.407000 0.290000
v -0.000000 -0.407000 0.290000
v -0.000000 -0.407000 0.290000
v -0.000000 -0.407000 0.290000
v -0.000000 0.561400 0.777200
v -0.000000 0.561400 0.777200
v -0.000000 0.561400 0.777200
v -0.000000 0.561400 0.777200
v -0.000000 0.561400 0.777200
v -0.000000 0.350200 1.000000
v -0.000000 0.350200 1.000000
v -0.000000 0.350200 1.000000
v -0.000000 0.331600 1.000000
v -0.000000 0.273200 1.000000
v -0.000000 0.273200 1.000000
v -0.000000 0.273200 1.000000
v -0.207200 -0.407000 -0.207200
v -0.207200 -0.407000 -0.207200
v -0.207200 -0.407000 -0.207200
v -0.207200 -0.407000 -0.207200
v -0.207200 -0.407000 0.207200
v -0.207200 -0.407000 0.207200
v -0.207200 -0.407000 0.207200
v -0.207200 -0.407000 0.207200
v -0.229600 0.640000 -0.554400
v -0.229600 0.640000 -0.554400
v -0.229600 0.640000 -0.554400
v -0.229600 0.640000 -0.554400
v -0.229600 0.640000 0.554400
v -0.229600 0.640000 0.554400
v -0.229600 0.640000 0.554400
v -0.229600 0.640000 0.554400
v -0.290000 -0.407000 -0.000001
v -0.290000 -0.407000 -0.000001
v -0.290000 -0.407000 -0.000001
v -0.290000 -0.407000 -0.000001
v -0.400000 0.331600 -1.000000
v -0.400000 0.331600 -1.000000
v -0.400000 0.331600 -1.000000
v -0.400000 0.331600 -1.000000
v -0.400000 0.331600 -1.000000
v -0.400000 0.291800 -1.000000
v -0.400000 0.291800 -1.000000
v -0.400000 0.291800 -1.000000
v -0.400000 0.291800 -1.000000
v -0.400000 0.291800 -1.000000
v -0.400000 0.331600 1.000000
v -0.400000 0.331600 1.000000
v -0.400000 0.331600 1.000000
v -0.400000 0.331600 1.000000
v -0.400000 0.331600 1.000000
v -0.400000 0.291800 1.000000
v -0.400000 0.291800 1.000000
v -0.400000 0.291800 1.000000
v -0.400000 0.291800 1.000000
v -0.400000 0.291800 1.000000
v -0.554400 0.640000 -0.229600
v -0.554400 0.640000 -0.229600
v -0.554400 0.640000 -0.229600
v -0.554400 0.640000 -0.229600
v -0.554400 0.640000 0.229600
v -0.554400 0.640000 0.229600
v -0.554400 0.640000 0.229600
v -0.554400 0.640000 0.229600
v -0.555200 0.561400 -0.555200
v -0.555200 0.561400 -0.555200
v -0.555200 0.561400 -0.555200
v -0.555200 0.561400 -0.555200
v -0.555200 0.561400 -0.555200
v -0.555200 0.561400 0.555200
v -0.555200 0.561400 0.555200
v -0.555200 0.561400 0.555200
v -0.555200 0.561400 0.555200
v -0.555200 0.561400 0.555200
v -0.700000 0.350200 -0.700000
v -0.700000 0.350200 -0.700000
v -0.700000 0.350200 -0.700000
v -0.700000 0.350200 -0.700000
v -0.700000 0.331600 -0.700000
v -0.700000 0.331600 -0.700000
v -0.700000 0.273200 -0.700000
v -0.700000 0.273200 -0.700000
v -0.700000 0.273200 -0.700000
v -0.700000 0.273200 -0.700000
v -0.700000 0.350200 0.699999
v -0.700000 0.350200 0.699999
v -0.700000 0.350200 0.699999
v -0.700000 0.350200 0.699999
v -0.700000 0.331600 0.699999
v -0.700000 0.331600 0.699999
v -0.700000 0.273200 0.699999
v -0.700000 0.273200 0.699999
v -0.700000 0.273200 0.699999
v -0.700000 0.273200 0.699999
v -0.777200 0.561400 -0.000001
v -0.777200 0.561400 -0.000001
v -0.777200 0.561400 -0.000001
v -0.777200 0.561400 -0.000001
v -0.777200 0.561400 -0.000001
v -1.000000 0.331600 -0.400000
v -1.000000 0.331600 -0.400000
v -1.000000 0.331600 -0.400000
v -1.000000 0.331600 -0.400000
v -1.000000 0.331600 -0.400000
v -1.000000 0.291800 -0.400000
v -1.000000 0.291800 -0.400000
v -1.000000 0.291800 -0.400000
v -1.000000 0.291800 -0.400000
v -1.000000 0.291800 -0.400000
v -1.000000 0.350200 -0.000001
v -1.000000 0.350200 -0.000001
v -1.000000 0.350200 -0.000001
v -1.000000 0.331600 -0.000001
v -1.000000 0.273200 -0.000001
v -1.000000 0.273200 -0.000001
v -1.000000 0.273200 -0.000001
v -1.000000 0.331600 0.400000
v -1.000000 0.331600 0.400000
v -1.000000 0.331600 0.400000
v -1.000000 0.331600 0.400000
v -1.000000 0.331600 0.400000
v -1.000000 0.291800 0.400000
v -1.000000 0.291800 0.400000
v -1.000000 0.291800 0.400000
v -1.000000 0.291800 0.400000
v -1.000000 0.291800 0.400000
v -0.000000 0.640000 -0.000001
v 1.000000 0.350200 -0.000001
v 1.000000 0.331600 -0.000001
v -0.000000 0.640000 -0.000001
v -0.000000 0.640000 -0.000001
v -0.000000 0.640000 -0.000001
v -0.000000 0.640000 -0.000001
v 0.554400 0.640000 -0.229600
v -0.000000 0.640000 -0.000001
v -0.000000 0.640000 -0.000001
v 1.000000 0.273200 -0.000001
v 1.000000 0.331600 -0.000001
f 5873 5772 5803
f 5689 5717 5741 5734
f 5620 5704 5739 5714
f 5637 5718 5740 5705
f 5699 5747 5742 5721
f 5800 5767 5744 5750
f 5869 5780 5613 5770
f 5852 5766 5745 5779
f 5790 5737 5743 5763
f 5675 5679 5643
f 5623 5625 5639
f 5624 5640 5631
f 5667 5706 5676
f 5647 5683 5666
f 5646 5664 5725
f 5731 5771 5708
f 5724 5784 5732
f 5722 5730 5685
f 5812 5804 5774
f 5822 5847 5815
f 5821 5813 5786
f 5805 5841 5809
f 5857 5865 5845
f 5856 5844 5848
f 5817 5778 5808
f 5831 5796 5818
f 5832 5820 5864
f 5713 5776 5753
f 5756 5695 5752
f 5758 5754 5794
f 5672 5680 5710
f 5656 5632 5669
f 5657 5671 5693
f 5859 5858 5850
f 5867 5858 5859
f 5824 5787 5826
f 5849 5823 5825
f 5783 5723 5615
f 5645 5746 5649
f 5682 5644 5648
f 5654 5692 5658
f 5630 5655 5659
f 5833 5866 5835
f 5797 5834 5836
f 5874 5629 5875
f 5738 5622 5614
f 5759 5757 5793
f 5696 5757 5759
f 5627 5702 5619
f 5628 5636 5703
f 5653 5716 5688
f 5652 5621 5715
f 5728 5736 5789
f 5726 5690 5735
f 5828 5765 5851
f 5827 5791 5764
f 5861 5782 5870
f 5860 5853 5781
f 5837 5768 5801
f 5838 5868 5769
f 5760 5748 5700
f 5762 5799 5749
f 5662 5719 5638
f 5663 5698 5720
f 5803 5807 5876
f 5807 5775 5877
f 5775 5712 5878
f 5712 5681 5879
f 5681 5880 5881
f 5677 5709 5882
f 5709 5772 5612
f 5670 5633 5642 5678
f 5641 5616 5665 5674
f 5668 5684 5729 5707
f 5733 5785 5811 5773
f 5814 5846 5842 5806
f 5843 5863 5819 5810
f 5816 5795 5755 5777
f 5751 5694 5673 5711
f 5615 5727 5788 5783
f 5723 5686 5615
f 5686 5691 5727 5615
f 5792 5830 5826 5787
f 5829 5854 5849 5825
f 5855 5862 5859 5850
f 5862 5872 5867 5859
f 5871 5839 5835 5866
f 5840 5802 5797 5836
f 5798 5761 5759 5793
f 5761 5701 5696 5759
f 5697 5660 5658 5692
f 5661 5635 5630 5659
f 5634 5883 5884 5629
f 5626 5617 5738 5614
f 5618 5651 5649 5746
f 5650 5687 5682 5648

o cut_16
v -0.127369 0.634000 0.000007
v -0.127369 -0.634000 0.000007
v -0.127369 0.296000 -0.852729
v -0.865553 0.296000 0.000007
v -0.382105 0.267744 -1.000000
v -0.382105 0.267744 -1.000000
v -0.381241 0.321955 -0.999488
v -0.381241 0.321955 -0.999488
v -0.381241 0.321955 -0.999488
v -0.381241 0.321955 -0.999488
v -0.381241 0.321955 -0.999488
v -0.381241 0.295140 -0.999488
v -0.381241 0.295140 -0.999488
v -0.381241 0.295140 -0.999488
v -0.381241 0.295140 -0.999488
v -0.127369 0.296000 -0.852729
v -0.127369 0.296000 -0.852729
v -0.127369 0.296000 -0.852729
v -0.127369 0.296000 -0.852729
v -0.382105 0.267744 -1.000000
v -0.127369 0.296000 -0.852729
v -0.570408 0.086787 -0.767779
v -0.570408 0.086787 -0.767779
v -0.570408 0.086787 -0.767779
v -0.865553 0.267744 -0.720715
v -0.865553 0.267744 -0.720715
v -0.865553 0.267744 -0.720715
v -0.865553 0.267744 -0.720715
v -0.865553 0.267744 -0.720715
v -0.865553 0.321955 -0.719720
v -0.865553 0.321955 -0.719720
v -0.865553 0.321955 -0.719720
v -0.865553 0.321955 -0.719720
v -0.865553 0.321955 -0.719720
v -0.865553 0.295140 -0.719720
v -0.865553 0.295140 -0.719720
v -0.865553 0.295140 -0.719720
v -0.060686 -0.050642 -0.677396
v -0.060686 -0.050642 -0.677396
v -0.060686 -0.050642 -0.677396
v -0.060686 -0.050642 -0.677396
v -0.268779 0.634000 -0.528036
v -0.268779 0.634000 -0.528036
v -0.268779 0.634000 -0.528036
v -0.268779 0.634000 -0.528036
v -0.268779 0.634000 -0.528036
v 0.169243 -0.121716 -0.514016
v 0.169243 -0.121716 -0.514016
v 0.169243 -0.121716 -0.514016
v 0.425627 -0.050642 -0.396471
v 0.425627 -0.050642 -0.396471
v 0.425627 -0.050642 -0.396471
v 0.425627 -0.050642 -0.396471
v -0.747046 -0.050642 -0.280918
v -0.747046 -0.050642 -0.280918
v -0.747046 -0.050642 -0.280918
v 0.864087 0.322358 -0.279586
v 0.864087 0.322358 -0.279586
v 0.864087 0.322358 -0.279586
v 0.864087 0.322358 -0.279586
v 0.864087 0.322358 -0.279586
v 0.864087 0.322358 -0.279586
v 0.864087 0.295543 -0.279586
v 0.864087 0.295543 -0.279586
v 0.864087 0.295543 -0.279586
v 0.864087 0.295543 -0.279586
v 0.865553 0.267744 -0.279263
v 0.865553 0.267744 -0.279263
v 0.865553 0.267744 -0.279263
v 0.865553 0.267744 -0.279263
v 0.865553 0.267744 -0.279263
v 0.865553 0.267744 -0.279263
v -0.720594 -0.121716 0.000007
v -0.720594 -0.121716 0.000007
v -0.720594 -0.121716 0.000007
v -0.382105 0.267744 -1.000000
v -0.127369 -0.634000 0.000007
v -0.127369 -0.634000 0.000007
v -0.127369 -0.634000 0.000007
v -0.127369 -0.634000 0.000007
v -0.127369 -0.634000 0.000007
v -0.127369 -0.634000 0.000007
v -0.127369 -0.634000 0.000007
v -0.127369 -0.634000 0.000007
v -0.127369 -0.634000 0.000007
v -0.127369 -0.634000 0.000007
v -0.127369 -0.634000 0.000007
v -0.382105 0.267744 -1.000000
v 0.758713 0.086787 0.000007
v 0.758713 0.086787 0.000007
v 0.758713 0.086787 0.000007
v -0.382105 0.267744 -1.000000
v 0.400383 0.634000 0.141494
v 0.400383 0.634000 0.141494
v 0.400383 0.634000 0.141494
v 0.400383 0.634000 0.141494
v 0.400383 0.634000 0.141494
v 0.865552 0.321373 0.279279
v 0.865552 0.321373 0.279279
v 0.865552 0.321373 0.279279
v 0.865552 0.321373 0.279279
v 0.865552 0.294559 0.279279
v 0.865552 0.294559 0.279279
v 0.865552 0.267744 0.279279
v 0.865552 0.267744 0.279279
v 0.865552 0.267744 0.279279
v 0.865552 0.267744 0.279279
v 0.865552 0.267744 0.279279
v -0.747046 -0.050642 0.280932
v -0.747046 -0.050642 0.280932
v -0.747046 -0.050642 0.280932
v -0.513710 0.634000 0.386564
v -0.513710 0.634000 0.386564
v -0.513710 0.634000 0.386564
v -0.513710 0.634000 0.386564
v -0.513710 0.634000 0.386564
v 0.425627 -0.050642 0.396487
v 0.425627 -0.050642 0.396487
v 0.425627 -0.050642 0.396487
v 0.425627 -0.050642 0.396487
v 0.169243 -0.121716 0.514031
v 0.169243 -0.121716 0.514031
v 0.169243 -0.121716 0.514031
v -0.060686 -0.050642 0.677411
v -0.060686 -0.050642 0.677411
v -0.060686 -0.050642 0.677411
v -0.060686 -0.050642 0.677411
v -0.865553 0.321664 0.720231
v -0.865553 0.321664 0.720231
v -0.865553 0.321664 0.720231
v -0.865553 0.321664 0.720231
v -0.865553 0.294849 0.720231
v -0.865553 0.294849 0.720231
v -0.865553 0.294849 0.720231
v -0.865553 0.267744 0.720729
v -0.865553 0.267744 0.720729
v -0.865553 0.267744 0.720729
v -0.865553 0.267744 0.720729
v -0.865553 0.267744 0.720729
v -0.570410 0.086787 0.767794
v -0.570410 0.086787 0.767794
v -0.570410 0.086787 0.767794
v -0.381144 0.322100 0.999313
v -0.381144 0.322100 0.999313
v -0.381144 0.322100 0.999313
v -0.381144 0.322100 0.999313
v -0.381144 0.322100 0.999313
v -0.381144 0.295286 0.999313
v -0.381144 0.295286 0.999313
v -0.381144 0.295286 0.999313
v -0.381144 0.295286 0.999313
v -0.382105 0.267744 1.000000
v -0.382105 0.267744 1.000000
v -0.382105 0.267744 1.000000
v -0.382105 0.267744 1.000000
v -0.382105 0.267744 1.000000
v -0.127369 0.634000 0.000007
v -0.127369 0.634000 0.000007
f 5997 5978 6041
f 5918 6013 5998
f 5986 5949 5945 5982
f 5988 5955 5950 5986
f 6034 5987 5985 6030
f 6040 5992 5987 6033
f 6018 6035 6031 6015
f 5896 5919 5914 5891
f 5901 5897 5892
f 5887 5972 5898
f 5942 5947 5903
f 5952 5905 5948
f 5941 5902 5893
f 5951 5960 5900
f 5888 6016 6012
f 5888 6019 6016
f 5917 5921 5888
f 5912 5888 5921
f 5912 6019 5888
f 5917 5888 6012
f 5904 5909 5920 5899
f 6023 6039 6032 6017
f 6011 6007 6004
f 6038 6010 6003 5991
f 6025 5886 6009 6036
f 5995 5969 6024 6021
f 5908 5964 5938 5911
f 5890 5924 5961 5907
f 5934 5931 5922
f 5953 5935 5923 5976
f 5973 5965 5937 5954
f 6001 5968 5975 5990
f 5956 5989 5974
f 6005 5970 6002
f 6006 6008 5971
f 6026 6037 6022
f 6020 5913 5940 5993
f 5958 5993 5940
f 5932 5962 5925
f 5933 5936 5963
f 5957 5939 5966
f 5959 5967 5994
f 5906 5910 5889
f 5929 5916 5996
f 5926 5943 5894
f 5977 5944 5928
f 5979 5983 5946
f 5981 6029 5984
f 5999 6027 5980
f 6014 6028 6000
f 5895 5915 5927
f 5930 5997 6042
f 5978 5930 5885

o cut_17
v -0.000000 0.277300 0.000000
v -0.000000 -0.277300 0.000000
v -0.000000 0.142500 1.000000
v 0.454600 0.142500 0.000000
v -0.000000 0.150500 1.000000
v -0.000000 0.150500 1.000000
v -0.000000 0.150500 1.000000
v -0.000000 0.150500 1.000000
v -0.000000 0.142500 1.000000
v -0.000000 0.116500 1.000000
v -0.000000 0.116500 1.000000
v -0.000000 0.116500 1.000000
v -0.000000 0.116500 1.000000
v 0.101400 0.142500 0.901401
v 0.101400 0.142500 0.901401
v 0.101400 0.142500 0.901401
v 0.101400 0.121100 0.901401
v 0.101400 0.121100 0.901401
v 0.101400 0.121100 0.901401
v -0.101400 0.142500 0.901401
v -0.101400 0.142500 0.901401
v -0.101400 0.142500 0.901401
v -0.101400 0.121100 0.901401
v -0.101400 0.121100 0.901401
v -0.101400 0.121100 0.901401
v 0.192000 0.150500 0.792600
v 0.192000 0.150500 0.792600
v 0.192000 0.150500 0.792600
v 0.192000 0.150500 0.792600
v 0.192000 0.150500 0.792600
v 0.192000 0.150500 0.792600
v 0.192000 0.142500 0.792600
v 0.192000 0.142500 0.792600
v 0.192000 0.116500 0.792600
v 0.192000 0.116500 0.792600
v 0.192000 0.116500 0.792600
v 0.192000 0.116500 0.792600
v -0.192000 0.150500 0.792600
v -0.192000 0.150500 0.792600
v -0.192000 0.150500 0.792600
v -0.192000 0.150500 0.792600
v -0.192000 0.150500 0.792600
v -0.192000 0.150500 0.792600
v -0.192000 0.142500 0.792600
v -0.192000 0.142500 0.792600
v -0.192000 0.116500 0.792600
v -0.192000 0.116500 0.792600
v -0.192000 0.116500 0.792600
v -0.192000 0.116500 0.792600
v 0.094600 0.237900 0.724200
v 0.094600 0.237900 0.724200
v 0.094600 0.237900 0.724200
v 0.094600 0.237900 0.724200
v 0.094600 0.237900 0.724200
v -0.094600 0.237900 0.724200
v -0.094600 0.237900 0.724200
v -0.094600 0.237900 0.724200
v -0.094600 0.237900 0.724200
v -0.094600 0.237900 0.724200
v 0.270200 0.142500 0.674800
v 0.270200 0.142500 0.674800
v 0.270200 0.142500 0.674800
v 0.270200 0.121900 0.674800
v 0.270200 0.121900 0.674800
v 0.270200 0.121900 0.674800
v -0.270200 0.142500 0.674800
v -0.270200 0.142500 0.674800
v -0.270200 0.142500 0.674800
v -0.270200 0.121900 0.674800
v -0.270200 0.121900 0.674800
v -0.270200 0.121900 0.674800
v -0.000000 0.277300 0.600000
v -0.000000 0.277300 0.600000
v -0.000000 0.277300 0.600000
v -0.000000 0.277300 0.600000
v 0.335600 0.150500 0.549200
v 0.335600 0.150500 0.549200
v 0.335600 0.150500 0.549200
v 0.335600 0.150500 0.549200
v 0.335600 0.150500 0.549200
v 0.335600 0.150500 0.549200
v 0.335600 0.150500 0.549200
v 0.335600 0.142500 0.549200
v 0.335600 0.142500 0.549200
v 0.335600 0.116500 0.549200
v 0.335600 0.116500 0.549200
v 0.335600 0.116500 0.549200
v 0.335600 0.116500 0.549200
v 0.335600 0.116500 0.549200
v -0.335600 0.150500 0.549200
v -0.335600 0.150500 0.549200
v -0.335600 0.150500 0.549200
v -0.335600 0.150500 0.549200
v -0.335600 0.150500 0.549200
v -0.335600 0.150500 0.549200
v -0.335600 0.150500 0.549200
v -0.335600 0.142500 0.549200
v -0.335600 0.142500 0.549200
v -0.335600 0.116500 0.549200
v -0.335600 0.116500 0.549200
v -0.335600 0.116500 0.549200
v -0.335600 0.116500 0.549200
v -0.335600 0.116500 0.549200
v 0.387200 0.142500 0.417400
v 0.387200 0.142500 0.417400
v 0.387200 0.142500 0.417400
v 0.387200 0.122700 0.417400
v 0.387200 0.122700 0.417400
v 0.387200 0.122700 0.417400
v -0.387200 0.142500 0.417400
v -0.387200 0.142500 0.417400
v -0.387200 0.142500 0.417400
v -0.387200 0.122700 0.417400
v -0.387200 0.122700 0.417400
v -0.387200 0.122700 0.417400
v 0.201400 0.277300 0.329600
v 0.201400 0.277300 0.329600
v 0.201400 0.277300 0.329600
v 0.201400 0.277300 0.329600
v -0.201400 0.277300 0.329600
v -0.201400 0.277300 0.329600
v -0.201400 0.277300 0.329600
v -0.201400 0.277300 0.329600
v 0.424400 0.150500 0.281000
v 0.424400 0.150500 0.281000
v 0.424400 0.150500 0.281000
v 0.424400 0.150500 0.281000
v 0.424400 0.150500 0.281000
v 0.424400 0.150500 0.281000
v 0.424400 0.142500 0.281000
v 0.424400 0.142500 0.281000
v 0.424400 0.116500 0.281000
v 0.424400 0.116500 0.281000
v 0.424400 0.116500 0.281000
v 0.424400 0.116500 0.281000
v -0.424400 0.150500 0.281000
v -0.424400 0.150500 0.281000
v -0.424400 0.150500 0.281000
v -0.424400 0.150500 0.281000
v -0.424400 0.150500 0.281000
v -0.424400 0.150500 0.281000
v -0.424400 0.142500 0.281000
v -0.424400 0.142500 0.281000
v -0.424400 0.116500 0.281000
v -0.424400 0.116500 0.281000
v -0.424400 0.116500 0.281000
v -0.424400 0.116500 0.281000
v -0.000000 -0.198500 0.250000
v -0.000000 -0.198500 0.250000
v -0.000000 -0.198500 0.250000
v -0.000000 -0.198500 0.250000
v -0.000000 -0.198500 0.250000
v -0.000000 -0.198500 0.250000
v 0.329200 0.237900 0.208200
v 0.329200 0.237900 0.208200
v 0.329200 0.237900 0.208200
v 0.329200 0.237900 0.208200
v 0.329200 0.237900 0.208200
v -0.329200 0.237900 0.208200
v -0.329200 0.237900 0.208200
v -0.329200 0.237900 0.208200
v -0.329200 0.237900 0.208200
v -0.329200 0.237900 0.208200
v 0.447000 0.142500 0.141200
v 0.447000 0.142500 0.141200
v 0.447000 0.142500 0.141200
v 0.447000 0.123100 0.141200
v 0.447000 0.123100 0.141200
v 0.447000 0.123100 0.141200
v -0.447000 0.142500 0.141200
v -0.447000 0.142500 0.141200
v -0.447000 0.142500 0.141200
v -0.447000 0.123100 0.141200
v -0.447000 0.123100 0.141200
v -0.447000 0.123100 0.141200
v 0.106200 -0.185300 0.070200
v 0.106200 -0.185300 0.070200
v 0.106200 -0.185300 0.070200
v 0.106200 -0.185300 0.070200
v -0.106200 -0.185300 0.070200
v -0.106200 -0.185300 0.070200
v -0.106200 -0.185300 0.070200
v -0.106200 -0.185300 0.070200
v 0.454600 0.150500 0.000000
v 0.454600 0.150500 0.000000
v 0.454600 0.150500 0.000000
v 0.454600 0.150500 0.000000
v 0.454600 0.150500 0.000000
v 0.454600 0.150500 0.000000
v 0.454600 0.150500 0.000000
v -0.000000 0.150500 1.000000
v 0.454600 0.142500 0.000000
v 0.454600 0.116500 0.000000
v 0.454600 0.116500 0.000000
v 0.454600 0.116500 0.000000
v 0.454600 0.116500 0.000000
v 0.454600 0.116500 0.000000
v 0.272800 0.277300 0.000000
v 0.272800 0.277300 0.000000
v 0.272800 0.277300 0.000000
v 0.272800 0.277300 0.000000
v -0.000000 0.150500 1.000000
v -0.000000 -0.277300 0.000000
v -0.000000 -0.277300 0.000000
v -0.000000 -0.277300 0.000000
v -0.000000 -0.277300 0.000000
v -0.000000 -0.277300 0.000000
v -0.000000 0.150500 1.000000
v -0.272800 0.277300 0.000000
v -0.272800 0.277300 0.000000
v -0.272800 0.277300 0.000000
v -0.272800 0.277300 0.000000
v -0.454600 0.150500 0.000000
v -0.454600 0.150500 0.000000
v -0.454600 0.150500 0.000000
v -0.454600 0.150500 0.000000
v -0.454600 0.150500 0.000000
v -0.454600 0.150500 0.000000
v -0.454600 0.150500 0.000000
v -0.454600 0.142500 0.000000
v -0.454600 0.142500 0.000000
v -0.454600 0.116500 0.000000
v -0.454600 0.116500 0.000000
v -0.454600 0.116500 0.000000
v -0.454600 0.116500 0.000000
v -0.454600 0.116500 0.000000
v 0.106200 -0.185300 -0.070200
v 0.106200 -0.185300 -0.070200
v 0.106200 -0.185300 -0.070200
v 0.106200 -0.185300 -0.070200
v -0.106200 -0.185300 -0.070200
v -0.106200 -0.185300 -0.070200
v -0.106200 -0.185300 -0.070200
v -0.106200 -0.185300 -0.070200
v 0.447000 0.142500 -0.141200
v 0.447000 0.142500 -0.141200
v 0.447000 0.142500 -0.141200
v 0.447000 0.123100 -0.141200
v 0.447000 0.123100 -0.141200
v 0.447000 0.123100 -0.141200
v -0.447000 0.142500 -0.141200
v -0.447000 0.142500 -0.141200
v -0.447000 0.142500 -0.141200
v -0.447000 0.123100 -0.141200
v -0.447000 0.123100 -0.141200
v -0.447000 0.123100 -0.141200
v 0.329200 0.237900 -0.208200
v 0.329200 0.237900 -0.208200
v 0.329200 0.237900 -0.208200
v 0.329200 0.237900 -0.208200
v 0.329200 0.237900 -0.208200
v -0.329200 0.237900 -0.208200
v -0.329200 0.237900 -0.208200
v -0.329200 0.237900 -0.208200
v -0.329200 0.237900 -0.208200
v -0.329200 0.237900 -0.208200
v -0.000000 -0.198500 -0.250000
v -0.000000 -0.198500 -0.250000
v -0.000000 -0.198500 -0.250000
v -0.000000 -0.198500 -0.250000
v -0.000000 -0.198500 -0.250000
v -0.000000 -0.198500 -0.250000
v 0.424400 0.150500 -0.281000
v 0.424400 0.150500 -0.281000
v 0.424400 0.150500 -0.281000
v 0.424400 0.150500 -0.281000
v 0.424400 0.150500 -0.281000
v 0.424400 0.150500 -0.281000
v 0.424400 0.142500 -0.281000
v 0.424400 0.142500 -0.281000
v 0.424400 0.116500 -0.281000
v 0.424400 0.116500 -0.281000
v 0.424400 0.116500 -0.281000
v 0.424400 0.116500 -0.281000
v -0.424400 0.150500 -0.281000
v -0.424400 0.150500 -0.281000
v -0.424400 0.150500 -0.281000
v -0.424400 0.150500 -0.281000
v -0.424400 0.150500 -0.281000
v -0.424400 0.150500 -0.281000
v -0.424400 0.142500 -0.281000
v -0.424400 0.142500 -0.281000
v -0.424400 0.116500 -0.281000
v -0.424400 0.116500 -0.281000
v -0.424400 0.116500 -0.281000
v -0.424400 0.116500 -0.281000
v 0.201400 0.277300 -0.329600
v 0.201400 0.277300 -0.329600
v 0.201400 0.277300 -0.329600
v 0.201400 0.277300 -0.329600
v -0.201400 0.277300 -0.329600
v -0.201400 0.277300 -0.329600
v -0.201400 0.277300 -0.329600
v -0.201400 0.277300 -0.329600
v 0.387200 0.142500 -0.417400
v 0.387200 0.142500 -0.417400
v 0.387200 0.142500 -0.417400
v 0.387200 0.122700 -0.417400
v 0.387200 0.122700 -0.417400
v 0.387200 0.122700 -0.417400
v -0.387200 0.142500 -0.417400
v -0.387200 0.142500 -0.417400
v -0.387200 0.142500 -0.417400
v -0.387200 0.122700 -0.417400
v -0.387200 0.122700 -0.417400
v -0.387200 0.122700 -0.417400
v 0.335600 0.150500 -0.549200
v 0.335600 0.150500 -0.549200
v 0.335600 0.150500 -0.549200
v 0.335600 0.150500 -0.549200
v 0.335600 0.150500 -0.549200
v 0.335600 0.150500 -0.549200
v 0.335600 0.150500 -0.549200
v 0.335600 0.142500 -0.549200
v 0.335600 0.142500 -0.549200
v 0.335600 0.116500 -0.549200
v 0.335600 0.116500 -0.549200
v 0.335600 0.116500 -0.549200
v 0.335600 0.116500 -0.549200
v 0.335600 0.116500 -0.549200
v -0.335600 0.150500 -0.549200
v -0.335600 0.150500 -0.549200
v -0.335600 0.150500 -0.549200
v -0.335600 0.150500 -0.549200
v -0.335600 0.150500 -0.549200
v -0.335600 0.150500 -0.549200
v -0.335600 0.150500 -0.549200
v -0.335600 0.142500 -0.549200
v -0.335600 0.142500 -0.549200
v -0.335600 0.116500 -0.549200
v -0.335600 0.116500 -0.549200
v -0.335600 0.116500 -0.549200
v -0.335600 0.116500 -0.549200
v -0.335600 0.116500 -0.549200
v -0.000000 0.277300 -0.600001
v -0.000000 0.277300 -0.600001
v -0.000000 0.277300 -0.600001
v -0.000000 0.277300 -0.600001
v 0.270200 0.142500 -0.674800
v 0.270200 0.142500 -0.674800
v 0.270200 0.142500 -0.674800
v 0.270200 0.121900 -0.674800
v 0.270200 0.121900 -0.674800
v 0.270200 0.121900 -0.674800
v -0.270200 0.142500 -0.674800
v -0.270200 0.142500 -0.674800
v -0.270200 0.142500 -0.674800
v -0.270200 0.121900 -0.674800
v -0.270200 0.121900 -0.674800
v -0.270200 0.121900 -0.674800
v 0.094600 0.237900 -0.724200
v 0.094600 0.237900 -0.724200
v 0.094600 0.237900 -0.724200
v 0.094600 0.237900 -0.724200
v 0.094600 0.237900 -0.724200
v -0.094600 0.237900 -0.724200
v -0.094600 0.237900 -0.724200
v -0.094600 0.237900 -0.724200
v -0.094600 0.237900 -0.724200
v -0.094600 0.237900 -0.724200
v 0.192000 0.150500 -0.792600
v 0.192000 0.150500 -0.792600
v 0.192000 0.150500 -0.792600
v 0.192000 0.150500 -0.792600
v 0.192000 0.150500 -0.792600
v 0.192000 0.150500 -0.792600
v 0.192000 0.142500 -0.792600
v 0.192000 0.142500 -0.792600
v 0.192000 0.116500 -0.792600
v 0.192000 0.116500 -0.792600
v 0.192000 0.116500 -0.792600
v 0.192000 0.116500 -0.792600
v -0.192000 0.150500 -0.792600
v -0.192000 0.150500 -0.792600
v -0.192000 0.150500 -0.792600
v -0.192000 0.150500 -0.792600
v -0.192000 0.150500 -0.792600
v -0.192000 0.150500 -0.792600
v -0.192000 0.142500 -0.792600
v -0.192000 0.142500 -0.792600
v -0.192000 0.116500 -0.792600
v -0.192000 0.116500 -0.792600
v -0.192000 0.116500 -0.792600
v -0.192000 0.116500 -0.792600
v 0.101400 0.142500 -0.901401
v 0.101400 0.142500 -0.901401
v 0.101400 0.142500 -0.901401
v 0.101400 0.121100 -0.901401
v 0.101400 0.121100 -0.901401
v 0.101400 0.121100 -0.901401
v -0.101400 0.142500 -0.901401
v -0.101400 0.142500 -0.901401
v -0.101400 0.142500 -0.901401
v -0.101400 0.121100 -0.901401
v -0.101400 0.121100 -0.901401
v -0.101400 0.121100 -0.901401
v -0.000000 0.150500 -1.000000
v -0.000000 0.150500 -1.000000
v -0.000000 0.150500 -1.000000
v -0.000000 0.150500 -1.000000
v -0.000000 0.150500 -1.000000
v -0.000000 0.150500 -1.000000
v -0.000000 0.150500 -1.000000
v -0.000000 0.142500 -1.000000
v -0.000000 0.142500 -1.000000
v -0.000000 0.116500 -1.000000
v -0.000000 0.116500 -1.000000
v -0.000000 0.116500 -1.000000
v -0.000000 0.116500 -1.000000
v -0.000000 0.142500 1.000000
v 0.201400 0.277300 0.329600
v -0.000000 0.277300 0.000000
v -0.000000 0.277300 0.000000
v -0.000000 0.277300 0.000000
f 6062 6452 6250
f 6080 6086 6063
f 6082 6064 6233
f 6108 6087 6081
f 6132 6139 6109
f 6133 6110 6084
f 6152 6140 6134
f 6178 6184 6153
f 6179 6154 6136
f 6212 6185 6181
f 6257 6262 6214
f 6255 6213 6182
f 6283 6263 6259
f 6319 6323 6285
f 6318 6284 6261
f 6344 6324 6322
f 6367 6370 6345
f 6365 6343 6321
f 6388 6371 6369
f 6419 6421 6389
f 6416 6387 6368
f 6434 6422 6420
f 6445 6447 6435
f 6443 6433 6418
f 6447 6451 6438 6435
f 6057 6074 6068
f 6057 6060 6076 6074
f 6045 6052 6059 6056
f 6050 6058 6070
f 6402 6441 6417
f 6400 6415 6366
f 6395 6352 6403
f 6397 6405 6440
f 6349 6292 6308
f 6305 6290 6231
f 6227 6199 6171
f 6168 6197 6124
f 6121 6094 6073
f 6071 6092 6047
f 6048 6097 6083
f 6085 6099 6135
f 6138 6202 6180
f 6183 6204 6256
f 6260 6295 6317
f 6320 6297 6363
f 6116 6163 6101
f 6203 6164 6251
f 6296 6254 6334
f 6379 6398 6335
f 6378 6331 6393
f 6291 6330 6243
f 6198 6240 6160
f 6115 6096 6159
f 6407 6383 6409
f 6359 6272 6249 6299
f 6237 6221 6247 6269
f 6130 6194 6245 6218
f 6144 6222 6246 6195
f 6266 6273 6248 6225
f 6373 6300 6044 6276
f 6325 6274 6268 6287
f 6372 6275 6327 6346
f 6423 6302 6374 6390
f 6449 6304 6424 6436
f 6264 6224 6189 6216
f 6187 6223 6145 6157
f 6143 6193 6091 6113
f 6090 6191 6055 6067
f 6054 6190 6078 6061
f 6079 6192 6129 6107
f 6131 6219 6175 6151
f 6177 6220 6235 6210
f 6239 6270 6313 6281
f 6315 6271 6358 6340
f 6360 6301 6411 6384
f 6412 6303 6448 6430
f 6165 6117 6453 6454
f 6329 6377 6333 6455
f 6161 6242 6329 6456
f 6333 6252 6165 6043
f 6399 6364 6298 6336
f 6294 6258 6205 6253
f 6201 6137 6100 6162
f 6098 6049 6093 6114
f 6095 6123 6196 6158
f 6200 6229 6289 6241
f 6293 6350 6394 6332
f 6396 6439 6401 6380
f 6244 6045 6056
f 6072 6104 6119
f 6069 6075 6102
f 6103 6125 6118
f 6075 6077 6105 6102
f 6106 6127 6125 6103
f 6126 6128 6149 6146
f 6147 6150 6174 6172
f 6173 6176 6209 6206
f 6208 6211 6236 6046
f 6234 6238 6280 6277
f 6279 6282 6314 6311
f 6312 6316 6341 6338
f 6339 6342 6361 6356
f 6357 6362 6385 6382
f 6383 6386 6413 6409
f 6410 6414 6431 6428
f 6429 6432 6450 6446
f 6406 6427 6442
f 6429 6446 6444
f 6408 6410 6428
f 6354 6381 6404
f 6355 6357 6382
f 6309 6337 6351
f 6310 6312 6338
f 6339 6356 6353
f 6122 6148 6167
f 6120 6126 6146
f 6147 6172 6166
f 6170 6207 6226
f 6169 6173 6206
f 6208 6046 6228
f 6232 6278 6306
f 6230 6234 6277
f 6279 6311 6307
f 6434 6437 6426 6422
f 6421 6425 6392 6389
f 6391 6376 6371 6388
f 6370 6375 6348 6345
f 6344 6347 6328 6324
f 6323 6326 6288 6285
f 6283 6286 6267 6263
f 6265 6217 6214 6262
f 6215 6188 6185 6212
f 6186 6156 6153 6184
f 6155 6142 6140 6152
f 6141 6112 6109 6139
f 6111 6089 6087 6108
f 6088 6066 6063 6086
f 6065 6053 6051 6062

o cut_18
v 0.000000 0.710000 0.000000
v 0.000000 -0.710000 0.000000
v 1.000000 0.339600 0.000000
v 0.000000 0.339600 -1.000000
v 1.000000 0.339600 -0.599999
v 1.000000 0.339600 -0.599999
v 1.000000 0.299800 -0.599999
v 1.000000 0.299800 -0.599999
v 1.000000 0.299800 -0.599999
v 1.000000 0.299800 -0.599999
v 1.000000 0.299800 -0.599999
v 1.000000 0.299800 -0.599999
v 1.000000 0.299800 -0.599999
v 1.000000 0.359800 0.000000
v 1.000000 0.359800 0.000000
v 1.000000 0.359800 0.000000
v 1.000000 0.339600 -0.599999
v 1.000000 0.299800 0.000000
v 1.000000 0.299800 0.000000
v 1.000000 0.339600 0.600000
v 1.000000 0.339600 0.600000
v 1.000000 0.339600 0.600000
v 1.000000 0.339600 0.600000
v 1.000000 0.339600 0.600000
v 1.000000 0.339600 0.600000
v 1.000000 0.299800 0.600000
v 1.000000 0.299800 0.600000
v 1.000000 0.299800 0.600000
v 1.000000 0.299800 0.600000
v 1.000000 0.299800 0.600000
v 1.000000 0.299800 0.600000
v 1.000000 0.299800 0.600000
v 0.882999 0.097800 0.000000
v 0.882999 0.097800 0.000000
v 0.882999 0.097800 0.000000
v 0.800000 0.359800 -0.799999
v 0.800000 0.359800 -0.799999
v 0.800000 0.359800 -0.799999
v 0.800000 0.339600 -0.799999
v 0.800000 0.279600 -0.799999
v 0.800000 0.279600 -0.799999
v 0.800000 0.279600 -0.799999
v 0.800000 0.359800 0.800000
v 0.800000 0.359800 0.800000
v 0.800000 0.359800 0.800000
v 0.800000 0.339600 0.800000
v 0.800000 0.279600 0.800000
v 0.800000 0.279600 0.800000
v 0.800000 0.279600 0.800000
v 0.777200 0.662800 0.000000
v 0.777200 0.662800 0.000000
v 0.777200 0.662800 0.000000
v 0.777200 0.662800 0.000000
v 0.777200 0.662800 0.000000
v 0.600000 0.339600 -1.000000
v 0.600000 0.339600 -1.000000
v 0.600000 0.339600 -1.000000
v 0.600000 0.339600 -1.000000
v 0.600000 0.339600 -1.000000
v 0.600000 0.339600 -1.000000
v 0.600000 0.299800 -1.000000
v 0.600000 0.299800 -1.000000
v 0.600000 0.299800 -1.000000
v 0.600000 0.299800 -1.000000
v 0.600000 0.299800 -1.000000
v 0.600000 0.299800 -1.000000
v 0.600000 0.339600 1.000000
v 0.600000 0.339600 1.000000
v 0.600000 0.339600 1.000000
v 0.600000 0.339600 1.000000
v 0.600000 0.339600 1.000000
v 0.600000 0.339600 1.000000
v 0.600000 0.299800 1.000000
v 0.600000 0.299800 1.000000
v 0.600000 0.299800 1.000000
v 0.600000 0.299800 1.000000
v 0.600000 0.299800 1.000000
v 0.600000 0.299800 1.000000
v 0.554400 0.710000 -0.229600
v 0.554400 0.710000 -0.229600
v 0.554400 0.710000 -0.229600
v 0.554400 0.710000 -0.229600
v 0.554400 0.710000 -0.229600
v 0.554400 0.710000 0.229600
v 0.554400 0.710000 0.229600
v 0.554400 0.710000 0.229600
v 0.554400 0.710000 0.229600
v 0.554400 0.710000 0.229600
v 0.485800 0.662800 -0.485800
v 0.485800 0.662800 -0.485800
v 0.485800 0.662800 -0.485800
v 0.485800 0.662800 -0.485800
v 0.485800 0.662800 -0.485800
v 0.485800 0.662800 0.485800
v 0.485800 0.662800 0.485800
v 0.485800 0.662800 0.485800
v 0.485800 0.662800 0.485800
v 0.485800 0.662800 0.485800
v 0.272000 -0.508000 0.000000
v 0.272000 -0.508000 0.000000
v 0.272000 -0.508000 0.000000
v 0.272000 -0.508000 0.000000
v 0.229600 0.710000 -0.554399
v 0.229600 0.710000 -0.554399
v 0.229600 0.710000 -0.554399
v 0.229600 0.710000 -0.554399
v 0.229600 0.710000 -0.554399
v 0.229600 0.710000 0.554400
v 0.229600 0.710000 0.554400
v 0.229600 0.710000 0.554400
v 0.229600 0.710000 0.554400
v 0.229600 0.710000 0.554400
v 0.170000 -0.508000 -0.170000
v 0.170000 -0.508000 -0.170000
v 0.170000 -0.508000 -0.170000
v 0.170000 -0.508000 -0.170000
v 0.170000 -0.508000 -0.170000
v 0.170000 -0.508000 0.170000
v 0.170000 -0.508000 0.170000
v 0.170000 -0.508000 0.170000
v 0.170000 -0.508000 0.170000
v 0.170000 -0.508000 0.170000
v 0.000000 0.359800 -1.000000
v 0.000000 0.359800 -1.000000
v 0.000000 0.359800 -1.000000
v 1.000000 0.339600 -0.599999
v 0.000000 0.299800 -1.000000
v 0.000000 0.299800 -1.000000
v 0.000000 0.097800 -0.882999
v 0.000000 0.097800 -0.882999
v 0.000000 0.097800 -0.882999
v 0.000000 0.662800 -0.777200
v 0.000000 0.662800 -0.777200
v 0.000000 0.662800 -0.777200
v 0.000000 0.662800 -0.777200
v 0.000000 0.662800 -0.777200
v 0.000000 -0.508000 -0.272000
v 0.000000 -0.508000 -0.272000
v 0.000000 -0.508000 -0.272000
v 0.000000 -0.508000 -0.272000
v 0.000000 -0.508000 -0.272000
v 0.000000 -0.508000 -0.272000
v 1.000000 0.339600 -0.599999
v 0.000000 -0.710000 0.000000
v 0.000000 -0.710000 0.000000
v 0.000000 -0.710000 0.000000
v 0.000000 -0.710000 0.000000
v 0.000000 -0.710000 0.000000
v 0.000000 -0.710000 0.000000
v 0.000000 -0.710000 0.000000
v 0.000000 -0.710000 0.000000
v 0.000000 -0.710000 0.000000
v 0.000000 -0.710000 0.000000
v 0.000000 -0.710000 0.000000
v 0.000000 -0.710000 0.000000
v 1.000000 0.339600 -0.599999
v 0.000000 -0.508000 0.272000
v 0.000000 -0.508000 0.272000
v 0.000000 -0.508000 0.272000
v 0.000000 -0.508000 0.272000
v 0.000000 -0.508000 0.272000
v 0.000000 0.662800 0.777200
v 0.000000 0.662800 0.777200
v 0.000000 0.662800 0.777200
v 0.000000 0.662800 0.777200
v 0.000000 0.662800 0.777200
v 0.000000 0.097800 0.882999
v 0.000000 0.097800 0.882999
v 0.000000 0.097800 0.882999
v 0.000000 0.359800 1.000000
v 0.000000 0.359800 1.000000
v 0.000000 0.359800 1.000000
v 0.000000 0.339600 1.000000
v 0.000000 0.299800 1.000000
v 0.000000 0.299800 1.000000
v -0.170000 -0.508000 -0.170000
v -0.170000 -0.508000 -0.170000
v -0.170000 -0.508000 -0.170000
v -0.170000 -0.508000 -0.170000
v -0.170000 -0.508000 -0.170000
v -0.170000 -0.508000 0.170000
v -0.170000 -0.508000 0.170000
v -0.170000 -0.508000 0.170000
v -0.170000 -0.508000 0.170000
v -0.229600 0.710000 -0.554399
v -0.229600 0.710000 -0.554399
v -0.229600 0.710000 -0.554399
v -0.229600 0.710000 -0.554399
v -0.229600 0.710000 -0.554399
v -0.229600 0.710000 0.554400
v -0.229600 0.710000 0.554400
v -0.229600 0.710000 0.554400
v -0.229600 0.710000 0.554400
v -0.229600 0.710000 0.554400
v -0.272000 -0.508000 0.000000
v -0.272000 -0.508000 0.000000
v -0.272000 -0.508000 0.000000
v -0.272000 -0.508000 0.000000
v -0.485800 0.662800 -0.485800
v -0.485800 0.662800 -0.485800
v -0.485800 0.662800 -0.485800
v -0.485800 0.662800 -0.485800
v -0.485800 0.662800 -0.485800
v -0.485800 0.662800 0.485800
v -0.485800 0.662800 0.485800
v -0.485800 0.662800 0.485800
v -0.485800 0.662800 0.485800
v -0.485800 0.662800 0.485800
v -0.554400 0.710000 -0.229600
v -0.554400 0.710000 -0.229600
v -0.554400 0.710000 -0.229600
v -0.554400 0.710000 -0.229600
v -0.554400 0.710000 -0.229600
v -0.554400 0.710000 0.229600
v -0.554400 0.710000 0.229600
v -0.554400 0.710000 0.229600
v -0.554400 0.710000 0.229600
v -0.554400 0.710000 0.229600
v -0.600000 0.339600 -1.000000
v -0.600000 0.339600 -1.000000
v -0.600000 0.339600 -1.000000
v -0.600000 0.339600 -1.000000
v -0.600000 0.339600 -1.000000
v -0.600000 0.339600 -1.000000
v -0.600000 0.299800 -1.000000
v -0.600000 0.299800 -1.000000
v -0.600000 0.299800 -1.000000
v -0.600000 0.299800 -1.000000
v -0.600000 0.299800 -1.000000
v -0.600000 0.299800 -1.000000
v -0.600000 0.339600 1.000000
v -0.600000 0.339600 1.000000
v -0.600000 0.339600 1.000000
v -0.600000 0.339600 1.000000
v -0.600000 0.339600 1.000000
v -0.600000 0.339600 1.000000
v -0.600000 0.299800 1.000000
v -0.600000 0.299800 1.000000
v -0.600000 0.299800 1.000000
v -0.600000 0.299800 1.000000
v -0.600000 0.299800 1.000000
v -0.600000 0.299800 1.000000
v -0.600000 0.299800 1.000000
v -0.777199 0.662800 0.000000
v -0.777199 0.662800 0.000000
v -0.777199 0.662800 0.000000
v -0.777199 0.662800 0.000000
v -0.777199 0.662800 0.000000
v -0.799999 0.359800 -0.799999
v -0.799999 0.359800 -0.799999
v -0.799999 0.359800 -0.799999
v -0.799999 0.339600 -0.799999
v -0.799999 0.279600 -0.799999
v -0.799999 0.279600 -0.799999
v -0.799999 0.279600 -0.799999
v -0.799999 0.359800 0.800000
v -0.799999 0.359800 0.800000
v -0.799999 0.359800 0.800000
v -0.799999 0.339600 0.800000
v -0.799999 0.279600 0.800000
v -0.799999 0.279600 0.800000
v -0.799999 0.279600 0.800000
v -0.883000 0.097800 0.000000
v -0.883000 0.097800 0.000000
v -0.883000 0.097800 0.000000
v -1.000000 0.339600 -0.599999
v -1.000000 0.339600 -0.599999
v -1.000000 0.339600 -0.599999
v -1.000000 0.339600 -0.599999
v -1.000000 0.339600 -0.599999
v -1.000000 0.339600 -0.599999
v -1.000000 0.299800 -0.599999
v -1.000000 0.299800 -0.599999
v -1.000000 0.299800 -0.599999
v -1.000000 0.299800 -0.599999
v -1.000000 0.299800 -0.599999
v -1.000000 0.299800 -0.599999
v -1.000000 0.299800 -0.599999
v -1.000000 0.359800 0.000000
v -1.000000 0.359800 0.000000
v -1.000000 0.359800 0.000000
v -1.000000 0.339600 0.000000
v -1.000000 0.299800 0.000000
v -1.000000 0.299800 0.000000
v -1.000000 0.339600 0.600000
v -1.000000 0.339600 0.600000
v -1.000000 0.339600 0.600000
v -1.000000 0.339600 0.600000
v -1.000000 0.339600 0.600000
v -1.000000 0.339600 0.600000
v -1.000000 0.299800 0.600000
v -1.000000 0.299800 0.600000
v -1.000000 0.299800 0.600000
v -1.000000 0.299800 0.600000
v -1.000000 0.299800 0.600000
v -1.000000 0.299800 0.600000
v -1.000000 0.299800 0.600000
v 0.000000 0.710000 0.000000
v 0.554400 0.710000 -0.229600
v 0.000000 0.710000 0.000000
v 0.000000 0.710000 0.000000
v 1.000000 0.299800 0.000000
v 1.000000 0.299800 0.000000
v 1.000000 0.339600 0.000000
v 1.000000 0.339600 0.000000
v 1.000000 0.359800 0.000000
v 1.000000 0.299800 0.000000
v 0.882999 0.097800 0.000000
f 6754 6665 6670
f 6755 6756 6544
f 6539 6665 6757
f 6539 6563 6642 6665
f 6670 6544 6457
f 6670 6646 6567 6544
f 6655 6667 6643
f 6549 6561 6537
f 6554 6542 6566
f 6660 6648 6672
f 6523 6529 6502
f 6502 6529 6503
f 6503 6484 6502
f 6502 6484 6478
f 6744 6751 6715
f 6715 6751 6718
f 6718 6699 6715
f 6715 6699 6692
f 6680 6686 6708
f 6708 6686 6711
f 6711 6732 6708
f 6708 6732 6725
f 6473 6465 6495
f 6495 6465 6496
f 6496 6517 6495
f 6495 6517 6511
f 6694 6631 6687
f 6687 6631 6629
f 6631 6534 6629
f 6629 6534 6528
f 6482 6758 6476
f 6476 6759 6760
f 6474 6463 6459
f 6459 6463 6599
f 6521 6583 6516
f 6516 6583 6460
f 6583 6681 6460
f 6460 6681 6675
f 6734 6740 6727
f 6727 6740 6738
f 6740 6753 6738
f 6738 6753 6746
f 6702 6743 6674
f 6673 6742 6664
f 6618 6526 6565
f 6564 6525 6553
f 6661 6690 6650
f 6649 6689 6622
f 6659 6723 6668
f 6669 6724 6701
f 6592 6677 6644
f 6645 6678 6656
f 6548 6513 6559
f 6560 6514 6588
f 6508 6582 6535
f 6536 6461 6545
f 6550 6480 6541
f 6540 6479 6509
f 6500 6481 6551
f 6501 6552 6524
f 6626 6527 6619
f 6628 6621 6688
f 6568 6647 6620
f 6712 6691 6662
f 6713 6663 6741
f 6736 6745 6704
f 6735 6703 6726
f 6666 6700 6671
f 6706 6722 6658
f 6705 6657 6679
f 6581 6676 6591
f 6579 6589 6515
f 6590 6641 6562
f 6494 6512 6547
f 6493 6546 6462
f 6471 6612 6506
f 6472 6507 6477
f 6538 6543 6510
f 6746 6737 6738
f 6738 6737 6727
f 6675 6580 6460
f 6460 6580 6516
f 6599 6470 6459
f 6761 6762 6476
f 6528 6627 6629
f 6629 6627 6687
f 6495 6492 6473
f 6495 6511 6492
f 6707 6680 6708
f 6725 6707 6708
f 6715 6714 6744
f 6692 6714 6715
f 6502 6499 6523
f 6478 6499 6502
f 6651 6611 6749
f 6748 6609 6640
f 6636 6610 6729
f 6730 6458 6652
f 6684 6597 6632
f 6633 6598 6607
f 6519 6573 6594
f 6593 6572 6604
f 6558 6601 6467
f 6468 6603 6569
f 6623 6615 6532
f 6625 6695 6616
f 6720 6654 6750
f 6719 6731 6653
f 6587 6596 6683
f 6585 6520 6595
f 6490 6555 6466
f 6491 6485 6556
f 6697 6637 6608
f 6696 6606 6617
f 6716 6638 6698
f 6717 6747 6639
f 6710 6635 6728
f 6709 6685 6634
f 6505 6530 6576
f 6504 6575 6488
f 6498 6571 6518
f 6497 6469 6570
f 6531 6614 6578
f 6577 6613 6605
f 6574 6602 6487
f 6486 6600 6557
f 6739 6733 6721
f 6752 6739 6721
f 6630 6693 6624
f 6533 6630 6624
f 6584 6522 6586
f 6682 6584 6586
f 6763 6483 6764
f 6464 6475 6489

o cut_19
v -0.000000 0.381000 -0.374999
v -0.000000 -0.381000 -0.374999
v -0.000000 0.195794 1.000000
v 0.625000 0.195794 -0.374999
v -0.000000 0.206690 1.000000
v -0.000000 0.206690 1.000000
v -0.000000 0.195794 1.000000
v -0.000000 0.160002 1.000000
v -0.000000 0.160002 1.000000
v -0.000000 0.160002 1.000000
v -0.000000 0.160002 1.000000
v 0.139556 0.195794 0.864441
v 0.139556 0.195794 0.864441
v 0.139556 0.195794 0.864441
v 0.139556 0.166457 0.864441
v 0.139556 0.166457 0.864441
v 0.139556 0.166457 0.864441
v -0.139556 0.195794 0.864441
v -0.139556 0.195794 0.864441
v -0.139556 0.195794 0.864441
v -0.139556 0.166457 0.864441
v -0.139556 0.166457 0.864441
v -0.139556 0.166457 0.864441
v 0.263888 0.206690 0.714796
v 0.263888 0.206690 0.714796
v 0.263888 0.206690 0.714796
v 0.263888 0.206690 0.714796
v 0.263888 0.195794 0.714796
v 0.263888 0.195794 0.714796
v 0.263888 0.160002 0.714796
v 0.263888 0.160002 0.714796
v 0.263888 0.160002 0.714796
v 0.263888 0.160002 0.714796
v -0.263889 0.206690 0.714796
v -0.263889 0.206690 0.714796
v -0.263889 0.206690 0.714796
v -0.263889 0.206690 0.714796
v -0.263889 0.195794 0.714796
v -0.263889 0.195794 0.714796
v -0.263889 0.160002 0.714796
v -0.263889 0.160002 0.714796
v -0.263889 0.160002 0.714796
v -0.263889 0.160002 0.714796
v 0.130141 0.326849 0.620863
v 0.130141 0.326849 0.620863
v 0.130141 0.326849 0.620863
v 0.130141 0.326849 0.620863
v 0.130141 0.326849 0.620863
v -0.130141 0.326849 0.620863
v -0.130141 0.326849 0.620863
v -0.130141 0.326849 0.620863
v -0.130141 0.326849 0.620863
v -0.130141 0.326849 0.620863
v 0.371584 0.195794 0.552765
v 0.371584 0.195794 0.552765
v 0.371584 0.195794 0.552765
v 0.371584 0.167456 0.552765
v 0.371584 0.167456 0.552765
v 0.371584 0.167456 0.552765
v -0.371584 0.195794 0.552765
v -0.371584 0.195794 0.552765
v -0.371584 0.195794 0.552765
v -0.371584 0.167456 0.552765
v -0.371584 0.167456 0.552765
v -0.371584 0.167456 0.552765
v -0.000000 0.381000 0.450000
v -0.000000 0.381000 0.450000
v -0.000000 0.381000 0.450000
v -0.000000 0.381000 0.450000
v 0.461419 0.206690 0.380191
v 0.461419 0.206690 0.380191
v 0.461419 0.206690 0.380191
v 0.461419 0.206690 0.380191
v 0.461419 0.206690 0.380191
v 0.461419 0.195794 0.380191
v 0.461419 0.195794 0.380191
v 0.461419 0.160002 0.380191
v 0.461419 0.160002 0.380191
v 0.461419 0.160002 0.380191
v 0.461419 0.160002 0.380191
v 0.461419 0.160002 0.380191
v -0.461419 0.206690 0.380191
v -0.461419 0.206690 0.380191
v -0.461419 0.206690 0.380191
v -0.461419 0.206690 0.380191
v -0.461419 0.206690 0.380191
v -0.461419 0.195794 0.380191
v -0.461419 0.195794 0.380191
v -0.461419 0.160002 0.380191
v -0.461419 0.160002 0.380191
v -0.461419 0.160002 0.380191
v -0.461419 0.160002 0.380191
v -0.461419 0.160002 0.380191
v 0.532371 0.195794 0.199033
v 0.532371 0.195794 0.199033
v 0.532371 0.195794 0.199033
v 0.532371 0.168484 0.199033
v 0.532371 0.168484 0.199033
v 0.532371 0.168484 0.199033
v -0.532371 0.195794 0.199033
v -0.532371 0.195794 0.199033
v -0.532371 0.195794 0.199033
v -0.532371 0.168484 0.199033
v -0.532371 0.168484 0.199033
v -0.532371 0.168484 0.199033
v 0.276852 0.381000 0.078115
v 0.276852 0.381000 0.078115
v 0.276852 0.381000 0.078115
v 0.276852 0.381000 0.078115
v -0.276852 0.381000 0.078115
v -0.276852 0.381000 0.078115
v -0.276852 0.381000 0.078115
v -0.276852 0.381000 0.078115
v 0.583636 0.206690 0.011352
v 0.583636 0.206690 0.011352
v 0.583636 0.206690 0.011352
v 0.583636 0.206690 0.011352
v 0.583636 0.195794 0.011352
v 0.583636 0.195794 0.011352
v 0.583636 0.160002 0.011352
v 0.583636 0.160002 0.011352
v 0.583636 0.160002 0.011352
v 0.583636 0.160002 0.011352
v -0.583636 0.206690 0.011352
v -0.583636 0.206690 0.011352
v -0.583636 0.206690 0.011352
v -0.583636 0.206690 0.011352
v -0.583636 0.195794 0.011352
v -0.583636 0.195794 0.011352
v -0.583636 0.160002 0.011352
v -0.583636 0.160002 0.011352
v -0.583636 0.160002 0.011352
v -0.583636 0.160002 0.011352
v -0.000000 -0.275951 -0.031250
v -0.000000 -0.275951 -0.031250
v -0.000000 -0.275951 -0.031250
v -0.000000 -0.275951 -0.031250
v -0.000000 -0.275951 -0.031250
v -0.000000 -0.275951 -0.031250
v 0.452665 0.326849 -0.088690
v 0.452665 0.326849 -0.088690
v 0.452665 0.326849 -0.088690
v 0.452665 0.326849 -0.088690
v 0.452665 0.326849 -0.088690
v -0.452666 0.326849 -0.088690
v -0.452666 0.326849 -0.088690
v -0.452666 0.326849 -0.088690
v -0.452666 0.326849 -0.088690
v -0.452666 0.326849 -0.088690
v 0.614630 0.195794 -0.180720
v 0.614630 0.195794 -0.180720
v 0.614630 0.195794 -0.180720
v 0.614630 0.169239 -0.180720
v 0.614630 0.169239 -0.180720
v 0.614630 0.169239 -0.180720
v -0.614630 0.195794 -0.180720
v -0.614630 0.195794 -0.180720
v -0.614630 0.195794 -0.180720
v -0.614630 0.169239 -0.180720
v -0.614630 0.169239 -0.180720
v -0.614630 0.169239 -0.180720
v 0.156250 -0.245749 -0.276172
v 0.156250 -0.245749 -0.276172
v 0.156250 -0.245749 -0.276172
v 0.156250 -0.245749 -0.276172
v -0.156250 -0.245749 -0.276172
v -0.156250 -0.245749 -0.276172
v -0.156250 -0.245749 -0.276172
v -0.156250 -0.245749 -0.276172
v 0.625000 0.206690 -0.374999
v 0.625000 0.206690 -0.374999
v 0.625000 0.206690 -0.374999
v 0.625000 0.206690 -0.374999
v 0.625000 0.206690 -0.374999
v 0.625000 0.195794 -0.374999
v -0.000000 0.206690 1.000000
v 0.625000 0.160002 -0.374999
v 0.625000 0.160002 -0.374999
v 0.625000 0.160002 -0.374999
v 0.625000 0.160002 -0.374999
v 0.625000 0.160002 -0.374999
v 0.375000 0.381000 -0.374999
v 0.375000 0.381000 -0.374999
v 0.375000 0.381000 -0.374999
v 0.375000 0.381000 -0.374999
v -0.000000 0.206690 1.000000
v -0.000000 -0.381000 -0.374999
v -0.000000 0.206690 1.000000
v -0.000000 -0.381000 -0.374999
v -0.000000 -0.381000 -0.374999
v -0.000000 -0.381000 -0.374999
v -0.000000 -0.381000 -0.374999
v -0.000000 -0.381000 -0.374999
v -0.375000 0.381000 -0.374999
v -0.375000 0.381000 -0.374999
v -0.375000 0.381000 -0.374999
v -0.375000 0.381000 -0.374999
v -0.625000 0.206690 -0.374999
v -0.625000 0.206690 -0.374999
v -0.625000 0.206690 -0.374999
v -0.625000 0.206690 -0.374999
v -0.625000 0.206690 -0.374999
v -0.625000 0.195794 -0.374999
v -0.625000 0.195794 -0.374999
v -0.625000 0.160002 -0.374999
v -0.625000 0.160002 -0.374999
v -0.625000 0.160002 -0.374999
v -0.625000 0.160002 -0.374999
v -0.625000 0.160002 -0.374999
v 0.156250 -0.245749 -0.439720
v 0.156250 -0.245749 -0.439720
v 0.156250 -0.245749 -0.439720
v 0.156250 -0.245749 -0.439720
v -0.156250 -0.245749 -0.439720
v -0.156250 -0.245749 -0.439720
v -0.156250 -0.245749 -0.439720
v -0.156250 -0.245749 -0.439720
v 0.612990 0.195794 -0.496932
v 0.612990 0.195794 -0.496932
v 0.612990 0.195794 -0.496932
v 0.612990 0.170900 -0.496932
v 0.612990 0.170900 -0.496932
v 0.612990 0.170900 -0.496932
v -0.612991 0.195794 -0.496932
v -0.612991 0.195794 -0.496932
v -0.612991 0.195794 -0.496932
v -0.612991 0.170900 -0.496932
v -0.612991 0.170900 -0.496932
v -0.612991 0.170900 -0.496932
v 0.064721 -0.245749 -0.531249
v 0.064721 -0.245749 -0.531249
v 0.064721 -0.245749 -0.531249
v 0.064721 -0.245749 -0.531249
v -0.064721 -0.245749 -0.531249
v -0.064721 -0.245749 -0.531249
v -0.064721 -0.245749 -0.531249
v -0.064721 -0.245749 -0.531249
v 0.452665 0.326849 -0.562499
v 0.452665 0.326849 -0.562499
v 0.452665 0.326849 -0.562499
v 0.452665 0.326849 -0.562499
v 0.452665 0.326849 -0.562499
v -0.452666 0.326849 -0.562499
v -0.452666 0.326849 -0.562499
v -0.452666 0.326849 -0.562499
v -0.452666 0.326849 -0.562499
v -0.452666 0.326849 -0.562499
v 0.577424 0.206690 -0.614177
v 0.577424 0.206690 -0.614177
v 0.577424 0.206690 -0.614177
v 0.577424 0.206690 -0.614177
v 0.577424 0.195794 -0.614177
v 0.577424 0.195794 -0.614177
v 0.577424 0.160002 -0.614177
v 0.577424 0.160002 -0.614177
v 0.577424 0.160002 -0.614177
v 0.577424 0.160002 -0.614177
v -0.577424 0.206690 -0.614177
v -0.577424 0.206690 -0.614177
v -0.577424 0.206690 -0.614177
v -0.577424 0.206690 -0.614177
v -0.577424 0.195794 -0.614177
v -0.577424 0.195794 -0.614177
v -0.577424 0.160002 -0.614177
v -0.577424 0.160002 -0.614177
v -0.577424 0.160002 -0.614177
v -0.577424 0.160002 -0.614177
v 0.265165 0.381000 -0.640165
v 0.265165 0.381000 -0.640165
v 0.265165 0.381000 -0.640165
v 0.265165 0.381000 -0.640165
v -0.265166 0.381000 -0.640165
v -0.265166 0.381000 -0.640165
v -0.265166 0.381000 -0.640165
v -0.265166 0.381000 -0.640165
v 0.519668 0.195794 -0.722231
v 0.519668 0.195794 -0.722231
v 0.519668 0.195794 -0.722231
v 0.519668 0.170900 -0.722231
v 0.519668 0.170900 -0.722231
v 0.519668 0.170900 -0.722231
v -0.519668 0.195794 -0.722231
v -0.519668 0.195794 -0.722231
v -0.519668 0.195794 -0.722231
v -0.519668 0.170900 -0.722231
v -0.519668 0.170900 -0.722231
v -0.519668 0.170900 -0.722231
v -0.000000 0.381000 -0.750000
v -0.000000 0.381000 -0.750000
v -0.000000 0.381000 -0.750000
v -0.000000 0.381000 -0.750000
v 0.441941 0.206690 -0.816941
v 0.441941 0.206690 -0.816941
v 0.441941 0.206690 -0.816941
v 0.441941 0.206690 -0.816941
v 0.441941 0.206690 -0.816941
v 0.441941 0.195794 -0.816941
v 0.441941 0.195794 -0.816941
v 0.441941 0.160002 -0.816941
v 0.441941 0.160002 -0.816941
v 0.441941 0.160002 -0.816941
v 0.441941 0.160002 -0.816941
v 0.441941 0.160002 -0.816941
v -0.441942 0.206690 -0.816941
v -0.441942 0.206690 -0.816941
v -0.441942 0.206690 -0.816941
v -0.441942 0.206690 -0.816941
v -0.441942 0.206690 -0.816941
v -0.441942 0.195794 -0.816941
v -0.441942 0.195794 -0.816941
v -0.441942 0.160002 -0.816941
v -0.441942 0.160002 -0.816941
v -0.441942 0.160002 -0.816941
v -0.441942 0.160002 -0.816941
v -0.441942 0.160002 -0.816941
v 0.187500 0.326849 -0.827665
v 0.187500 0.326849 -0.827665
v 0.187500 0.326849 -0.827665
v 0.187500 0.326849 -0.827665
v 0.187500 0.326849 -0.827665
v -0.187500 0.326849 -0.827665
v -0.187500 0.326849 -0.827665
v -0.187500 0.326849 -0.827665
v -0.187500 0.326849 -0.827665
v -0.187500 0.326849 -0.827665
v 0.347231 0.195794 -0.894669
v 0.347231 0.195794 -0.894669
v 0.347231 0.195794 -0.894669
v 0.347231 0.170900 -0.894669
v 0.347231 0.170900 -0.894669
v 0.347231 0.170900 -0.894669
v -0.347232 0.195794 -0.894669
v -0.347232 0.195794 -0.894669
v -0.347232 0.195794 -0.894669
v -0.347232 0.170900 -0.894669
v -0.347232 0.170900 -0.894669
v -0.347232 0.170900 -0.894669
v 0.239177 0.206690 -0.952425
v 0.239177 0.206690 -0.952425
v 0.239177 0.206690 -0.952425
v 0.239177 0.206690 -0.952425
v 0.239177 0.195794 -0.952425
v 0.239177 0.195794 -0.952425
v 0.239177 0.160002 -0.952425
v 0.239177 0.160002 -0.952425
v 0.239177 0.160002 -0.952425
v 0.239177 0.160002 -0.952425
v -0.239177 0.206690 -0.952425
v -0.239177 0.206690 -0.952425
v -0.239177 0.206690 -0.952425
v -0.239177 0.206690 -0.952425
v -0.239177 0.195794 -0.952425
v -0.239177 0.195794 -0.952425
v -0.239177 0.160002 -0.952425
v -0.239177 0.160002 -0.952425
v -0.239177 0.160002 -0.952425
v -0.239177 0.160002 -0.952425
v 0.121931 0.195794 -0.987991
v 0.121931 0.195794 -0.987991
v 0.121931 0.195794 -0.987991
v 0.121931 0.170900 -0.987991
v 0.121931 0.170900 -0.987991
v 0.121931 0.170900 -0.987991
v -0.121931 0.195794 -0.987991
v -0.121931 0.195794 -0.987991
v -0.121931 0.195794 -0.987991
v -0.121931 0.170900 -0.987991
v -0.121931 0.170900 -0.987991
v -0.121931 0.170900 -0.987991
v -0.000000 0.206690 -1.000000
v -0.000000 0.206690 -1.000000
v -0.000000 0.206690 -1.000000
v -0.000000 0.206690 -1.000000
v -0.000000 0.206690 -1.000000
v -0.000000 0.195794 -1.000000
v -0.000000 0.195794 -1.000000
v -0.000000 0.160002 -1.000000
v -0.000000 0.160002 -1.000000
v -0.000000 0.160002 -1.000000
v -0.000000 0.160002 -1.000000
v -0.000000 0.160002 -1.000000
v -0.000000 0.381000 -0.374999
v -0.000000 0.381000 -0.374999
v -0.000000 0.381000 -0.374999
v 0.276852 0.381000 0.078115
v -0.000000 0.195794 1.000000
f 6809 6791 6820 6836
f 7036 6959 6877 7146
f 6873 6948 7032 7147
f 7032 7052 7036 7148
f 6877 6833 7149 6765
f 6851 6825 6846
f 6864 6852 6847
f 6892 6865 6888
f 6920 6893 6890
f 6967 6922 6963
f 6916 6939 6935
f 6883 6914 6880
f 6859 6882 6878
f 6840 6858 6835
f 6819 6839 6834
f 6793 6818 6789
f 6777 6792 6788
f 6767 6776 6950
f 6782 7150 6952
f 6802 6783 6798
f 6824 6803 6799
f 6813 6800 6784 6940
f 6848 6826 6801 6814
f 6910 6889 6866 6850
f 6912 6962 6921 6891
f 6907 6881 6915 6934
f 6838 6860 6879 6905
f 6770 6778 6790 6808
f 6785 6773 6771 6782
f 6804 6786 6783 6802
f 6827 6805 6803 6824
f 6853 6828 6825 6851
f 6864 6867 6854 6852
f 6894 6868 6865 6892
f 6923 6896 6893 6920
f 6970 6925 6922 6967
f 6991 6972 6968 6988
f 7029 6993 6990 7026
f 7050 7031 7027 7047
f 7078 7051 7048 7073
f 7100 7079 7074 7097
f 7120 7101 7098 7116
f 7132 7121 7117 7129
f 7145 7133 7130 7140
f 7127 7144 7139 7124
f 7111 7126 7123 7107
f 7095 7110 7106 7092
f 7067 7094 7091 7062
f 7045 7066 7061 7042
f 7021 7044 7041 7017
f 6832 6875 6817
f 6911 6876 6958
f 7009 6961 7037
f 7085 7038 7054
f 7080 7053 7034
f 7004 7033 6949
f 6906 6946 6872
f 6831 6812 6871
f 6811 6837 6904 6870
f 6908 6936 7002 6947
f 7006 7057 7081 7035
f 7005 7014 7040 7056
f 7003 6938 6983 7012
f 7082 7058 7090 7102
f 7084 7103 7122 7135
f 7083 7134 7088 7055
f 7136 7128 7113 7089
f 7087 7112 7096 7070
f 7086 7069 7011 7039
f 7010 7068 7046 7024
f 7008 7022 6989 6966
f 7007 6964 6913 6960
f 6909 6849 6816 6874
f 6815 6769 6810 6830
f 6895 6931 6857 6869
f 6930 6766 6903 6856
f 6855 6901 6807 6829
f 6806 6899 6775 6787
f 6774 6898 6796 6781
f 6797 6900 6843 6823
f 6844 6902 6951 6926
f 6845 6927 6885 6863
f 6887 6928 6941 6918
f 6943 6929 6953 6974
f 6945 6975 7018 6986
f 7020 6976 7063 7043
f 7065 6995 7108 7093
f 7109 6997 7142 7125
f 7141 6996 6957 7000
f 7143 7001 7119 7131
f 7118 6999 7077 7099
f 7075 6980 7030 7049
f 7028 6979 6973 6992
f 6969 6932 6897 6924
f 7064 6977 6955 6994
f 7076 6998 6956 6981
f 6971 6978 6954 6933
f 6990 7023 7026
f 7048 7071 7073
f 7114 7116 7098
f 7138 7140 7130
f 7123 7105 7107
f 7060 7062 7091
f 7015 7017 7041
f 6937 6768 6982
f 6988 6968 6965
f 7047 7027 7025
f 7072 7097 7074
f 7115 7129 7117
f 7137 7124 7139
f 7104 7092 7106
f 7059 7042 7061
f 7013 6984 7016
f 6772 6779 6776 6767
f 6780 6794 6792 6777
f 6795 6821 6818 6793
f 6822 6841 6839 6819
f 6842 6861 6858 6840
f 6862 6884 6882 6859
f 6886 6917 6914 6883
f 6919 6942 6939 6916
f 6944 6985 6982 6768
f 6987 7019 7016 6984
